team_id,team_name,game_id,game_date,matchup,wl,team_score,ennemy_score,score_differential,overtime,overtime_periods
1610612737,Atlanta Hawks,0022401186,"APR 13, 2025",ATL vs. ORL,W,117,105,12,False,0
1610612737,Atlanta Hawks,0022401173,"APR 11, 2025",ATL @ PHI,W,124,110,14,False,0
1610612737,Atlanta Hawks,0022401169,"APR 10, 2025",ATL @ BKN,W,133,109,24,False,0
1610612737,Atlanta Hawks,0022401149,"APR 08, 2025",ATL @ ORL,L,112,119,-7,False,0
1610612737,Atlanta Hawks,0022401136,"APR 06, 2025",ATL vs. UTA,W,147,134,13,False,0
1610612737,Atlanta Hawks,0022401128,"APR 05, 2025",ATL vs. NYK,L,105,121,-16,False,0
1610612737,Atlanta Hawks,0022401109,"APR 02, 2025",ATL @ DAL,L,118,120,-2,False,0
1610612737,Atlanta Hawks,0022401097,"APR 01, 2025",ATL vs. POR,L,113,127,-14,False,0
1610612737,Atlanta Hawks,0022401083,"MAR 30, 2025",ATL @ MIL,W,145,124,21,False,0
1610612737,Atlanta Hawks,0022401062,"MAR 27, 2025",ATL @ MIA,L,112,122,-10,False,0
1610612737,Atlanta Hawks,0022401049,"MAR 25, 2025",ATL @ HOU,L,114,121,-7,False,0
1610612737,Atlanta Hawks,0022401031,"MAR 23, 2025",ATL vs. PHI,W,132,119,13,False,0
1610612737,Atlanta Hawks,0022401025,"MAR 22, 2025",ATL vs. GSW,W,124,115,9,False,0
1610612737,Atlanta Hawks,0022400993,"MAR 18, 2025",ATL @ CHA,W,134,102,32,False,0
1610612737,Atlanta Hawks,0022400978,"MAR 16, 2025",ATL @ BKN,L,114,122,-8,False,0
1610612737,Atlanta Hawks,0022400960,"MAR 14, 2025",ATL vs. LAC,L,98,121,-23,False,0
1610612737,Atlanta Hawks,0022400945,"MAR 12, 2025",ATL vs. CHA,W,123,110,13,False,0
1610612737,Atlanta Hawks,0022400928,"MAR 10, 2025",ATL vs. PHI,W,132,123,9,False,0
1610612737,Atlanta Hawks,0022400914,"MAR 08, 2025",ATL vs. IND,W,120,118,2,False,0
1610612737,Atlanta Hawks,0022400899,"MAR 06, 2025",ATL vs. IND,W,124,118,6,False,0
1610612737,Atlanta Hawks,0022400884,"MAR 04, 2025",ATL vs. MIL,L,121,127,-6,False,0
1610612737,Atlanta Hawks,0022400878,"MAR 03, 2025",ATL @ MEM,W,132,130,2,False,0
1610612737,Atlanta Hawks,0022400851,"FEB 28, 2025",ATL vs. OKC,L,119,135,-16,False,0
1610612737,Atlanta Hawks,0022400841,"FEB 26, 2025",ATL @ MIA,L,109,131,-22,False,0
1610612737,Atlanta Hawks,0022400825,"FEB 24, 2025",ATL vs. MIA,W,98,86,12,False,0
1610612737,Atlanta Hawks,0022400814,"FEB 23, 2025",ATL vs. DET,L,143,148,-5,False,0
1610612737,Atlanta Hawks,0022400790,"FEB 20, 2025",ATL vs. ORL,L,108,114,-6,False,0
1610612737,Atlanta Hawks,0022400773,"FEB 12, 2025",ATL @ NYK,L,148,149,-1,True,1
1610612737,Atlanta Hawks,0022400756,"FEB 10, 2025",ATL @ ORL,W,112,106,6,False,0
1610612737,Atlanta Hawks,0022400744,"FEB 08, 2025",ATL @ WAS,W,125,111,14,False,0
1610612737,Atlanta Hawks,0022400736,"FEB 07, 2025",ATL vs. MIL,W,115,110,5,False,0
1610612737,Atlanta Hawks,0022400719,"FEB 05, 2025",ATL vs. SAS,L,125,126,-1,False,0
1610612737,Atlanta Hawks,0022400701,"FEB 03, 2025",ATL @ DET,W,132,130,2,False,0
1610612737,Atlanta Hawks,0022400686,"FEB 01, 2025",ATL @ IND,L,127,132,-5,False,0
1610612737,Atlanta Hawks,0022400675,"JAN 30, 2025",ATL @ CLE,L,115,137,-22,False,0
1610612737,Atlanta Hawks,0022400532,"JAN 28, 2025",ATL vs. HOU,L,96,100,-4,False,0
1610612737,Atlanta Hawks,0022400656,"JAN 27, 2025",ATL @ MIN,L,92,100,-8,False,0
1610612737,Atlanta Hawks,0022400639,"JAN 25, 2025",ATL vs. TOR,L,94,117,-23,False,0
1610612737,Atlanta Hawks,0022400623,"JAN 23, 2025",ATL vs. TOR,L,119,122,-3,False,0
1610612737,Atlanta Hawks,0022400612,"JAN 22, 2025",ATL vs. DET,L,104,114,-10,False,0
1610612737,Atlanta Hawks,0022400602,"JAN 20, 2025",ATL @ NYK,L,110,119,-9,False,0
1610612737,Atlanta Hawks,0022400587,"JAN 18, 2025",ATL @ BOS,W,119,115,4,True,1
1610612737,Atlanta Hawks,0022400563,"JAN 15, 2025",ATL @ CHI,W,110,94,16,False,0
1610612737,Atlanta Hawks,0022400556,"JAN 14, 2025",ATL vs. PHX,W,122,117,5,False,0
1610612737,Atlanta Hawks,0022400522,"JAN 09, 2025",ATL @ PHX,L,115,123,-8,False,0
1610612737,Atlanta Hawks,0022400506,"JAN 07, 2025",ATL @ UTA,W,124,121,3,False,0
1610612737,Atlanta Hawks,0022400486,"JAN 04, 2025",ATL @ LAC,L,105,131,-26,False,0
1610612737,Atlanta Hawks,0022400477,"JAN 03, 2025",ATL @ LAL,L,102,119,-17,False,0
1610612737,Atlanta Hawks,0022400461,"JAN 01, 2025",ATL @ DEN,L,120,139,-19,False,0
1610612737,Atlanta Hawks,0022400438,"DEC 29, 2024",ATL @ TOR,W,136,107,29,False,0
1610612737,Atlanta Hawks,0022400427,"DEC 28, 2024",ATL vs. MIA,W,120,110,10,False,0
1610612737,Atlanta Hawks,0022400413,"DEC 26, 2024",ATL vs. CHI,W,141,133,8,False,0
1610612737,Atlanta Hawks,0022400395,"DEC 23, 2024",ATL vs. MIN,W,117,104,13,False,0
1610612737,Atlanta Hawks,0022400378,"DEC 21, 2024",ATL vs. MEM,L,112,128,-16,False,0
1610612737,Atlanta Hawks,0022400370,"DEC 19, 2024",ATL @ SAS,L,126,133,-7,True,1
1610612737,Atlanta Hawks,0022401229,"DEC 14, 2024",ATL @ MIL,L,102,110,-8,False,0
1610612737,Atlanta Hawks,0022401202,"DEC 11, 2024",ATL @ NYK,W,108,100,8,False,0
1610612737,Atlanta Hawks,0022400350,"DEC 08, 2024",ATL vs. DEN,L,111,141,-30,False,0
1610612737,Atlanta Hawks,0022400334,"DEC 06, 2024",ATL vs. LAL,W,134,132,2,True,1
1610612737,Atlanta Hawks,0022400323,"DEC 04, 2024",ATL @ MIL,W,119,104,15,False,0
1610612737,Atlanta Hawks,0022400315,"DEC 02, 2024",ATL vs. NOP,W,124,112,12,False,0
1610612737,Atlanta Hawks,0022400300,"NOV 30, 2024",ATL @ CHA,W,107,104,3,False,0
1610612737,Atlanta Hawks,0022400041,"NOV 29, 2024",ATL vs. CLE,W,117,101,16,False,0
1610612737,Atlanta Hawks,0022400287,"NOV 27, 2024",ATL @ CLE,W,135,124,11,False,0
1610612737,Atlanta Hawks,0022400280,"NOV 25, 2024",ATL vs. DAL,L,119,129,-10,False,0
1610612737,Atlanta Hawks,0022400030,"NOV 22, 2024",ATL @ CHI,L,122,136,-14,False,0
1610612737,Atlanta Hawks,0022400258,"NOV 20, 2024",ATL @ GSW,L,97,120,-23,False,0
1610612737,Atlanta Hawks,0022400250,"NOV 18, 2024",ATL @ SAC,W,109,108,1,False,0
1610612737,Atlanta Hawks,0022400239,"NOV 17, 2024",ATL @ POR,L,110,114,-4,False,0
1610612737,Atlanta Hawks,0022400012,"NOV 15, 2024",ATL vs. WAS,W,129,117,12,False,0
1610612737,Atlanta Hawks,0022400001,"NOV 12, 2024",ATL @ BOS,W,117,116,1,False,0
1610612737,Atlanta Hawks,0022400198,"NOV 09, 2024",ATL vs. CHI,L,113,125,-12,False,0
1610612737,Atlanta Hawks,0022400185,"NOV 08, 2024",ATL @ DET,L,121,122,-1,False,0
1610612737,Atlanta Hawks,0022400171,"NOV 06, 2024",ATL vs. NYK,W,121,116,5,False,0
1610612737,Atlanta Hawks,0022400157,"NOV 04, 2024",ATL vs. BOS,L,93,123,-30,False,0
1610612737,Atlanta Hawks,0022400152,"NOV 03, 2024",ATL @ NOP,W,126,111,15,False,0
1610612737,Atlanta Hawks,0022400135,"NOV 01, 2024",ATL vs. SAC,L,115,123,-8,False,0
1610612737,Atlanta Hawks,0022400121,"OCT 30, 2024",ATL @ WAS,L,120,133,-13,False,0
1610612737,Atlanta Hawks,0022400103,"OCT 28, 2024",ATL vs. WAS,L,119,121,-2,False,0
1610612737,Atlanta Hawks,0022400100,"OCT 27, 2024",ATL @ OKC,L,104,128,-24,False,0
1610612737,Atlanta Hawks,0022400079,"OCT 25, 2024",ATL vs. CHA,W,125,120,5,False,0
1610612737,Atlanta Hawks,0022400064,"OCT 23, 2024",ATL vs. BKN,W,120,116,4,False,0
1610612738,Boston Celtics,0022401187,"APR 13, 2025",BOS vs. CHA,W,93,86,7,False,0
1610612738,Boston Celtics,0022401174,"APR 11, 2025",BOS vs. CHA,W,130,94,36,False,0
1610612738,Boston Celtics,0022401156,"APR 09, 2025",BOS @ ORL,L,76,96,-20,False,0
1610612738,Boston Celtics,0022401151,"APR 08, 2025",BOS @ NYK,W,119,117,2,True,1
1610612738,Boston Celtics,0022401137,"APR 06, 2025",BOS vs. WAS,W,124,90,34,False,0
1610612738,Boston Celtics,0022401120,"APR 04, 2025",BOS vs. PHX,W,123,103,20,False,0
1610612738,Boston Celtics,0022401106,"APR 02, 2025",BOS vs. MIA,L,103,124,-21,False,0
1610612738,Boston Celtics,0022401093,"MAR 31, 2025",BOS @ MEM,W,117,103,14,False,0
1610612738,Boston Celtics,0022401080,"MAR 29, 2025",BOS @ SAS,W,121,111,10,False,0
1610612738,Boston Celtics,0022401058,"MAR 26, 2025",BOS @ PHX,W,132,102,30,False,0
1610612738,Boston Celtics,0022401044,"MAR 24, 2025",BOS @ SAC,W,113,95,18,False,0
1610612738,Boston Celtics,0022401034,"MAR 23, 2025",BOS @ POR,W,129,116,13,False,0
1610612738,Boston Celtics,0022401020,"MAR 21, 2025",BOS @ UTA,W,121,99,22,False,0
1610612738,Boston Celtics,0022400994,"MAR 18, 2025",BOS vs. BKN,W,104,96,8,False,0
1610612738,Boston Celtics,0022400968,"MAR 15, 2025",BOS @ BKN,W,115,113,2,False,0
1610612738,Boston Celtics,0022400958,"MAR 14, 2025",BOS @ MIA,W,103,91,12,False,0
1610612738,Boston Celtics,0022400946,"MAR 12, 2025",BOS vs. OKC,L,112,118,-6,False,0
1610612738,Boston Celtics,0022400929,"MAR 10, 2025",BOS vs. UTA,W,114,108,6,False,0
1610612738,Boston Celtics,0022400918,"MAR 08, 2025",BOS vs. LAL,W,111,101,10,False,0
1610612738,Boston Celtics,0022400900,"MAR 06, 2025",BOS vs. PHI,W,123,105,18,False,0
1610612738,Boston Celtics,0022400891,"MAR 05, 2025",BOS vs. POR,W,128,118,10,False,0
1610612738,Boston Celtics,0022400866,"MAR 02, 2025",BOS vs. DEN,W,110,103,7,False,0
1610612738,Boston Celtics,0022400852,"FEB 28, 2025",BOS vs. CLE,L,116,123,-7,False,0
1610612738,Boston Celtics,0022400836,"FEB 26, 2025",BOS @ DET,L,97,117,-20,False,0
1610612738,Boston Celtics,0022400829,"FEB 25, 2025",BOS @ TOR,W,111,101,10,False,0
1610612738,Boston Celtics,0022400811,"FEB 23, 2025",BOS vs. NYK,W,118,105,13,False,0
1610612738,Boston Celtics,0022400789,"FEB 20, 2025",BOS @ PHI,W,124,104,20,False,0
1610612738,Boston Celtics,0022400769,"FEB 12, 2025",BOS vs. SAS,W,116,103,13,False,0
1610612738,Boston Celtics,0022400759,"FEB 10, 2025",BOS @ MIA,W,103,85,18,False,0
1610612738,Boston Celtics,0022400748,"FEB 08, 2025",BOS @ NYK,W,131,104,27,False,0
1610612738,Boston Celtics,0022400728,"FEB 06, 2025",BOS vs. DAL,L,120,127,-7,False,0
1610612738,Boston Celtics,0022400710,"FEB 04, 2025",BOS @ CLE,W,112,105,7,False,0
1610612738,Boston Celtics,0022400698,"FEB 02, 2025",BOS @ PHI,W,118,110,8,False,0
1610612738,Boston Celtics,0022400683,"JAN 31, 2025",BOS @ NOP,W,118,116,2,False,0
1610612738,Boston Celtics,0022400666,"JAN 29, 2025",BOS vs. CHI,W,122,100,22,False,0
1610612738,Boston Celtics,0022400650,"JAN 27, 2025",BOS vs. HOU,L,112,114,-2,False,0
1610612738,Boston Celtics,0022400635,"JAN 25, 2025",BOS @ DAL,W,122,107,15,False,0
1610612738,Boston Celtics,0022400629,"JAN 23, 2025",BOS @ LAL,L,96,117,-21,False,0
1610612738,Boston Celtics,0022400620,"JAN 22, 2025",BOS @ LAC,W,117,113,4,True,1
1610612738,Boston Celtics,0022400604,"JAN 20, 2025",BOS @ GSW,W,125,85,40,False,0
1610612738,Boston Celtics,0022400587,"JAN 18, 2025",BOS vs. ATL,L,115,119,-4,True,1
1610612738,Boston Celtics,0022400577,"JAN 17, 2025",BOS vs. ORL,W,121,94,27,False,0
1610612738,Boston Celtics,0022400562,"JAN 15, 2025",BOS @ TOR,L,97,110,-13,False,0
1610612738,Boston Celtics,0022400542,"JAN 12, 2025",BOS vs. NOP,W,120,119,1,False,0
1610612738,Boston Celtics,0022400528,"JAN 10, 2025",BOS vs. SAC,L,97,114,-17,False,0
1610612738,Boston Celtics,0022400507,"JAN 07, 2025",BOS @ DEN,W,118,106,12,False,0
1610612738,Boston Celtics,0022400487,"JAN 05, 2025",BOS @ OKC,L,92,105,-13,False,0
1610612738,Boston Celtics,0022400471,"JAN 03, 2025",BOS @ HOU,W,109,86,23,False,0
1610612738,Boston Celtics,0022400464,"JAN 02, 2025",BOS @ MIN,W,118,115,3,False,0
1610612738,Boston Celtics,0022400449,"DEC 31, 2024",BOS vs. TOR,W,125,71,54,False,0
1610612738,Boston Celtics,0022400437,"DEC 29, 2024",BOS vs. IND,L,114,123,-9,False,0
1610612738,Boston Celtics,0022400420,"DEC 27, 2024",BOS vs. IND,W,142,105,37,False,0
1610612738,Boston Celtics,0022400407,"DEC 25, 2024",BOS vs. PHI,L,114,118,-4,False,0
1610612738,Boston Celtics,0022400393,"DEC 23, 2024",BOS @ ORL,L,104,108,-4,False,0
1610612738,Boston Celtics,0022400381,"DEC 21, 2024",BOS @ CHI,W,123,98,25,False,0
1610612738,Boston Celtics,0022400363,"DEC 19, 2024",BOS vs. CHI,L,108,117,-9,False,0
1610612738,Boston Celtics,0022401217,"DEC 15, 2024",BOS @ WAS,W,112,98,14,False,0
1610612738,Boston Celtics,0022401205,"DEC 12, 2024",BOS vs. DET,W,123,99,24,False,0
1610612738,Boston Celtics,0022400345,"DEC 07, 2024",BOS vs. MEM,L,121,127,-6,False,0
1610612738,Boston Celtics,0022400335,"DEC 06, 2024",BOS vs. MIL,W,111,105,6,False,0
1610612738,Boston Celtics,0022400319,"DEC 04, 2024",BOS vs. DET,W,130,120,10,False,0
1610612738,Boston Celtics,0022400316,"DEC 02, 2024",BOS vs. MIA,W,108,89,19,False,0
1610612738,Boston Celtics,0022400307,"DEC 01, 2024",BOS @ CLE,L,111,115,-4,False,0
1610612738,Boston Celtics,0022400047,"NOV 29, 2024",BOS @ CHI,W,138,129,9,False,0
1610612738,Boston Celtics,0022400281,"NOV 25, 2024",BOS vs. LAC,W,126,94,32,False,0
1610612738,Boston Celtics,0022400271,"NOV 24, 2024",BOS vs. MIN,W,107,105,2,False,0
1610612738,Boston Celtics,0022400028,"NOV 22, 2024",BOS @ WAS,W,108,96,12,False,0
1610612738,Boston Celtics,0022400021,"NOV 19, 2024",BOS vs. CLE,W,120,117,3,False,0
1610612738,Boston Celtics,0022400230,"NOV 16, 2024",BOS vs. TOR,W,126,123,3,True,1
1610612738,Boston Celtics,0022400218,"NOV 13, 2024",BOS @ BKN,W,139,114,25,False,0
1610612738,Boston Celtics,0022400001,"NOV 12, 2024",BOS vs. ATL,L,116,117,-1,False,0
1610612738,Boston Celtics,0022400202,"NOV 10, 2024",BOS @ MIL,W,113,107,6,False,0
1610612738,Boston Celtics,0022400187,"NOV 08, 2024",BOS vs. BKN,W,108,104,4,True,1
1610612738,Boston Celtics,0022400172,"NOV 06, 2024",BOS vs. GSW,L,112,118,-6,False,0
1610612738,Boston Celtics,0022400157,"NOV 04, 2024",BOS @ ATL,W,123,93,30,False,0
1610612738,Boston Celtics,0022400141,"NOV 02, 2024",BOS @ CHA,W,113,103,10,False,0
1610612738,Boston Celtics,0022400132,"NOV 01, 2024",BOS @ CHA,W,124,109,15,False,0
1610612738,Boston Celtics,0022400119,"OCT 30, 2024",BOS @ IND,L,132,135,-3,True,1
1610612738,Boston Celtics,0022400104,"OCT 28, 2024",BOS vs. MIL,W,119,108,11,False,0
1610612738,Boston Celtics,0022400089,"OCT 26, 2024",BOS @ DET,W,124,118,6,False,0
1610612738,Boston Celtics,0022400073,"OCT 24, 2024",BOS @ WAS,W,122,102,20,False,0
1610612738,Boston Celtics,0022400061,"OCT 22, 2024",BOS vs. NYK,W,132,109,23,False,0
1610612739,Cleveland Cavaliers,0022401189,"APR 13, 2025",CLE vs. IND,L,118,126,-8,True,2
1610612739,Cleveland Cavaliers,0022401175,"APR 11, 2025",CLE @ NYK,W,108,102,6,False,0
1610612739,Cleveland Cavaliers,0022401168,"APR 10, 2025",CLE @ IND,L,112,114,-2,False,0
1610612739,Cleveland Cavaliers,0022401147,"APR 08, 2025",CLE vs. CHI,W,135,113,22,False,0
1610612739,Cleveland Cavaliers,0022401138,"APR 06, 2025",CLE vs. SAC,L,113,120,-7,False,0
1610612739,Cleveland Cavaliers,0022401124,"APR 04, 2025",CLE @ SAS,W,114,113,1,False,0
1610612739,Cleveland Cavaliers,0022401103,"APR 02, 2025",CLE vs. NYK,W,124,105,19,False,0
1610612739,Cleveland Cavaliers,0022401081,"MAR 30, 2025",CLE vs. LAC,W,127,122,5,False,0
1610612739,Cleveland Cavaliers,0022401067,"MAR 28, 2025",CLE @ DET,L,122,133,-11,False,0
1610612739,Cleveland Cavaliers,0022401059,"MAR 27, 2025",CLE vs. SAS,W,124,116,8,False,0
1610612739,Cleveland Cavaliers,0022401051,"MAR 25, 2025",CLE @ POR,W,122,111,11,False,0
1610612739,Cleveland Cavaliers,0022401030,"MAR 23, 2025",CLE @ UTA,W,120,91,29,False,0
1610612739,Cleveland Cavaliers,0022401021,"MAR 21, 2025",CLE @ PHX,L,112,123,-11,False,0
1610612739,Cleveland Cavaliers,0022401009,"MAR 19, 2025",CLE @ SAC,L,119,123,-4,False,0
1610612739,Cleveland Cavaliers,0022400997,"MAR 18, 2025",CLE @ LAC,L,119,132,-13,False,0
1610612739,Cleveland Cavaliers,0022400979,"MAR 16, 2025",CLE vs. ORL,L,103,108,-5,False,0
1610612739,Cleveland Cavaliers,0022400962,"MAR 14, 2025",CLE @ MEM,W,133,124,9,False,0
1610612739,Cleveland Cavaliers,0022400940,"MAR 11, 2025",CLE vs. BKN,W,109,104,5,False,0
1610612739,Cleveland Cavaliers,0022400922,"MAR 09, 2025",CLE @ MIL,W,112,100,12,False,0
1610612739,Cleveland Cavaliers,0022400904,"MAR 07, 2025",CLE @ CHA,W,118,117,1,False,0
1610612739,Cleveland Cavaliers,0022400893,"MAR 05, 2025",CLE vs. MIA,W,112,107,5,False,0
1610612739,Cleveland Cavaliers,0022400886,"MAR 04, 2025",CLE @ CHI,W,139,117,22,False,0
1610612739,Cleveland Cavaliers,0022400867,"MAR 02, 2025",CLE vs. POR,W,133,129,4,True,1
1610612739,Cleveland Cavaliers,0022400852,"FEB 28, 2025",CLE @ BOS,W,123,116,7,False,0
1610612739,Cleveland Cavaliers,0022400830,"FEB 25, 2025",CLE @ ORL,W,122,82,40,False,0
1610612739,Cleveland Cavaliers,0022400819,"FEB 23, 2025",CLE vs. MEM,W,129,123,6,False,0
1610612739,Cleveland Cavaliers,0022400797,"FEB 21, 2025",CLE vs. NYK,W,142,105,37,False,0
1610612739,Cleveland Cavaliers,0022400791,"FEB 20, 2025",CLE @ BKN,W,110,97,13,False,0
1610612739,Cleveland Cavaliers,0022400774,"FEB 12, 2025",CLE @ TOR,W,131,108,23,False,0
1610612739,Cleveland Cavaliers,0022400755,"FEB 10, 2025",CLE vs. MIN,W,128,107,21,False,0
1610612739,Cleveland Cavaliers,0022400735,"FEB 07, 2025",CLE @ WAS,W,134,124,10,False,0
1610612739,Cleveland Cavaliers,0022400718,"FEB 05, 2025",CLE @ DET,W,118,115,3,False,0
1610612739,Cleveland Cavaliers,0022400710,"FEB 04, 2025",CLE vs. BOS,L,105,112,-7,False,0
1610612739,Cleveland Cavaliers,0022400696,"FEB 02, 2025",CLE vs. DAL,W,144,101,43,False,0
1610612739,Cleveland Cavaliers,0022400675,"JAN 30, 2025",CLE vs. ATL,W,137,115,22,False,0
1610612739,Cleveland Cavaliers,0022400667,"JAN 29, 2025",CLE @ MIA,W,126,106,20,False,0
1610612739,Cleveland Cavaliers,0022400649,"JAN 27, 2025",CLE vs. DET,W,110,91,19,False,0
1610612739,Cleveland Cavaliers,0022400640,"JAN 25, 2025",CLE vs. HOU,L,131,135,-4,False,0
1610612739,Cleveland Cavaliers,0022400631,"JAN 24, 2025",CLE @ PHI,L,129,132,-3,False,0
1610612739,Cleveland Cavaliers,0022400615,"JAN 22, 2025",CLE @ HOU,L,108,109,-1,False,0
1610612739,Cleveland Cavaliers,0022400603,"JAN 20, 2025",CLE vs. PHX,W,118,92,26,False,0
1610612739,Cleveland Cavaliers,0022400590,"JAN 18, 2025",CLE @ MIN,W,124,117,7,False,0
1610612739,Cleveland Cavaliers,0022400574,"JAN 16, 2025",CLE @ OKC,L,114,134,-20,False,0
1610612739,Cleveland Cavaliers,0022400554,"JAN 14, 2025",CLE @ IND,W,127,117,10,False,0
1610612739,Cleveland Cavaliers,0022400543,"JAN 12, 2025",CLE vs. IND,L,93,108,-15,False,0
1610612739,Cleveland Cavaliers,0022400517,"JAN 09, 2025",CLE vs. TOR,W,132,126,6,False,0
1610612739,Cleveland Cavaliers,0022400509,"JAN 08, 2025",CLE vs. OKC,W,129,122,7,False,0
1610612739,Cleveland Cavaliers,0022400488,"JAN 05, 2025",CLE vs. CHA,W,115,105,10,False,0
1610612739,Cleveland Cavaliers,0022400474,"JAN 03, 2025",CLE @ DAL,W,134,122,12,False,0
1610612739,Cleveland Cavaliers,0022400454,"DEC 31, 2024",CLE @ LAL,W,122,110,12,False,0
1610612739,Cleveland Cavaliers,0022400446,"DEC 30, 2024",CLE @ GSW,W,113,95,18,False,0
1610612739,Cleveland Cavaliers,0022400424,"DEC 27, 2024",CLE @ DEN,W,149,135,14,False,0
1610612739,Cleveland Cavaliers,0022400392,"DEC 23, 2024",CLE vs. UTA,W,124,113,11,False,0
1610612739,Cleveland Cavaliers,0022400380,"DEC 21, 2024",CLE vs. PHI,W,126,99,27,False,0
1610612739,Cleveland Cavaliers,0022400374,"DEC 20, 2024",CLE vs. MIL,W,124,101,23,False,0
1610612739,Cleveland Cavaliers,0022401224,"DEC 16, 2024",CLE @ BKN,W,130,101,29,False,0
1610612739,Cleveland Cavaliers,0022401208,"DEC 13, 2024",CLE vs. WAS,W,115,105,10,False,0
1610612739,Cleveland Cavaliers,0022400351,"DEC 08, 2024",CLE @ MIA,L,113,122,-9,False,0
1610612739,Cleveland Cavaliers,0022400340,"DEC 07, 2024",CLE @ CHA,W,116,102,14,False,0
1610612739,Cleveland Cavaliers,0022400325,"DEC 05, 2024",CLE vs. DEN,W,126,114,12,False,0
1610612739,Cleveland Cavaliers,0022400051,"DEC 03, 2024",CLE vs. WAS,W,118,87,31,False,0
1610612739,Cleveland Cavaliers,0022400307,"DEC 01, 2024",CLE vs. BOS,W,115,111,4,False,0
1610612739,Cleveland Cavaliers,0022400041,"NOV 29, 2024",CLE @ ATL,L,101,117,-16,False,0
1610612739,Cleveland Cavaliers,0022400287,"NOV 27, 2024",CLE vs. ATL,L,124,135,-11,False,0
1610612739,Cleveland Cavaliers,0022400275,"NOV 24, 2024",CLE vs. TOR,W,122,108,14,False,0
1610612739,Cleveland Cavaliers,0022400252,"NOV 20, 2024",CLE vs. NOP,W,128,100,28,False,0
1610612739,Cleveland Cavaliers,0022400021,"NOV 19, 2024",CLE @ BOS,L,117,120,-3,False,0
1610612739,Cleveland Cavaliers,0022400236,"NOV 17, 2024",CLE vs. CHA,W,128,114,14,False,0
1610612739,Cleveland Cavaliers,0022400013,"NOV 15, 2024",CLE vs. CHI,W,144,126,18,False,0
1610612739,Cleveland Cavaliers,0022400220,"NOV 13, 2024",CLE @ PHI,W,114,106,8,False,0
1610612739,Cleveland Cavaliers,0022400212,"NOV 11, 2024",CLE @ CHI,W,119,113,6,False,0
1610612739,Cleveland Cavaliers,0022400199,"NOV 09, 2024",CLE vs. BKN,W,105,100,5,False,0
1610612739,Cleveland Cavaliers,0022400188,"NOV 08, 2024",CLE vs. GSW,W,136,117,19,False,0
1610612739,Cleveland Cavaliers,0022400175,"NOV 06, 2024",CLE @ NOP,W,131,122,9,False,0
1610612739,Cleveland Cavaliers,0022400154,"NOV 04, 2024",CLE vs. MIL,W,116,114,2,False,0
1610612739,Cleveland Cavaliers,0022400145,"NOV 02, 2024",CLE @ MIL,W,114,113,1,False,0
1610612739,Cleveland Cavaliers,0022400133,"NOV 01, 2024",CLE vs. ORL,W,120,109,11,False,0
1610612739,Cleveland Cavaliers,0022400118,"OCT 30, 2024",CLE vs. LAL,W,134,110,24,False,0
1610612739,Cleveland Cavaliers,0022400106,"OCT 28, 2024",CLE @ NYK,W,110,104,6,False,0
1610612739,Cleveland Cavaliers,0022400090,"OCT 26, 2024",CLE @ WAS,W,135,116,19,False,0
1610612739,Cleveland Cavaliers,0022400080,"OCT 25, 2024",CLE vs. DET,W,113,101,12,False,0
1610612739,Cleveland Cavaliers,0022400067,"OCT 23, 2024",CLE @ TOR,W,136,106,30,False,0
1610612740,New Orleans Pelicans,0022401196,"APR 13, 2025",NOP vs. OKC,L,100,115,-15,False,0
1610612740,New Orleans Pelicans,0022401177,"APR 11, 2025",NOP vs. MIA,L,104,153,-49,False,0
1610612740,New Orleans Pelicans,0022401161,"APR 10, 2025",NOP @ MIL,L,111,136,-25,False,0
1610612740,New Orleans Pelicans,0022401150,"APR 08, 2025",NOP @ BKN,L,114,119,-5,False,0
1610612740,New Orleans Pelicans,0022400617,"APR 06, 2025",NOP vs. MIL,L,107,111,-4,False,0
1610612740,New Orleans Pelicans,0022401126,"APR 04, 2025",NOP @ LAL,L,108,124,-16,False,0
1610612740,New Orleans Pelicans,0022401111,"APR 02, 2025",NOP @ LAC,L,98,114,-16,False,0
1610612740,New Orleans Pelicans,0022401085,"MAR 30, 2025",NOP vs. CHA,W,98,94,4,False,0
1610612740,New Orleans Pelicans,0022401072,"MAR 28, 2025",NOP vs. GSW,L,95,111,-16,False,0
1610612740,New Orleans Pelicans,0022401041,"MAR 24, 2025",NOP vs. PHI,W,112,99,13,False,0
1610612740,New Orleans Pelicans,0022401029,"MAR 23, 2025",NOP @ DET,L,130,136,-6,False,0
1610612740,New Orleans Pelicans,0022401016,"MAR 21, 2025",NOP @ MIN,L,93,134,-41,False,0
1610612740,New Orleans Pelicans,0022401001,"MAR 19, 2025",NOP @ MIN,W,119,115,4,False,0
1610612740,New Orleans Pelicans,0022400987,"MAR 17, 2025",NOP vs. DET,L,81,127,-46,False,0
1610612740,New Orleans Pelicans,0022400973,"MAR 15, 2025",NOP @ SAS,L,115,119,-4,False,0
1610612740,New Orleans Pelicans,0022401141,"MAR 13, 2025",NOP vs. ORL,L,93,113,-20,False,0
1610612740,New Orleans Pelicans,0022400943,"MAR 11, 2025",NOP vs. LAC,W,127,120,7,False,0
1610612740,New Orleans Pelicans,0022400923,"MAR 09, 2025",NOP vs. MEM,L,104,107,-3,False,0
1610612740,New Orleans Pelicans,0022400913,"MAR 08, 2025",NOP @ HOU,L,117,146,-29,False,0
1610612740,New Orleans Pelicans,0022400902,"MAR 06, 2025",NOP vs. HOU,L,97,109,-12,False,0
1610612740,New Orleans Pelicans,0022400890,"MAR 04, 2025",NOP @ LAL,L,115,136,-21,False,0
1610612740,New Orleans Pelicans,0022400872,"MAR 02, 2025",NOP @ UTA,W,128,121,7,False,0
1610612740,New Orleans Pelicans,0022400857,"FEB 28, 2025",NOP @ PHX,L,108,125,-17,False,0
1610612740,New Orleans Pelicans,0022400848,"FEB 27, 2025",NOP @ PHX,W,124,116,8,False,0
1610612740,New Orleans Pelicans,0022400833,"FEB 25, 2025",NOP vs. SAS,W,109,103,6,False,0
1610612740,New Orleans Pelicans,0022400818,"FEB 23, 2025",NOP vs. SAS,W,114,96,18,False,0
1610612740,New Orleans Pelicans,0022400803,"FEB 21, 2025",NOP @ DAL,L,103,111,-8,False,0
1610612740,New Orleans Pelicans,0022400785,"FEB 13, 2025",NOP vs. SAC,W,140,133,7,True,1
1610612740,New Orleans Pelicans,0022400777,"FEB 12, 2025",NOP vs. SAC,L,111,119,-8,False,0
1610612740,New Orleans Pelicans,0022400761,"FEB 10, 2025",NOP @ OKC,L,101,137,-36,False,0
1610612740,New Orleans Pelicans,0022400750,"FEB 08, 2025",NOP @ SAC,L,118,123,-5,False,0
1610612740,New Orleans Pelicans,0022400726,"FEB 05, 2025",NOP @ DEN,L,119,144,-25,False,0
1610612740,New Orleans Pelicans,0022400706,"FEB 03, 2025",NOP @ DEN,L,113,125,-12,False,0
1610612740,New Orleans Pelicans,0022400683,"JAN 31, 2025",NOP vs. BOS,L,116,118,-2,False,0
1610612740,New Orleans Pelicans,0022400670,"JAN 29, 2025",NOP vs. DAL,L,136,137,-1,False,0
1610612740,New Orleans Pelicans,0022400654,"JAN 27, 2025",NOP @ TOR,L,104,113,-9,False,0
1610612740,New Orleans Pelicans,0022400637,"JAN 25, 2025",NOP @ CHA,L,92,123,-31,False,0
1610612740,New Orleans Pelicans,0022400632,"JAN 24, 2025",NOP @ MEM,L,126,139,-13,False,0
1610612740,New Orleans Pelicans,0022400605,"JAN 20, 2025",NOP vs. UTA,W,123,119,4,True,1
1610612740,New Orleans Pelicans,0022400581,"JAN 17, 2025",NOP vs. UTA,W,136,123,13,False,0
1610612740,New Orleans Pelicans,0022400566,"JAN 15, 2025",NOP vs. DAL,W,119,116,3,False,0
1610612740,New Orleans Pelicans,0022400557,"JAN 14, 2025",NOP @ CHI,W,119,113,6,False,0
1610612740,New Orleans Pelicans,0022400542,"JAN 12, 2025",NOP @ BOS,L,119,120,-1,False,0
1610612740,New Orleans Pelicans,0022400527,"JAN 10, 2025",NOP @ PHI,W,123,115,8,False,0
1610612740,New Orleans Pelicans,0022400514,"JAN 08, 2025",NOP vs. POR,L,100,119,-19,False,0
1610612740,New Orleans Pelicans,0022400505,"JAN 07, 2025",NOP vs. MIN,L,97,104,-7,False,0
1610612740,New Orleans Pelicans,0022400489,"JAN 05, 2025",NOP @ WAS,W,110,98,12,False,0
1610612740,New Orleans Pelicans,0022400472,"JAN 03, 2025",NOP vs. WAS,W,132,120,12,False,0
1610612740,New Orleans Pelicans,0022400457,"JAN 01, 2025",NOP @ MIA,L,108,119,-11,False,0
1610612740,New Orleans Pelicans,0022400444,"DEC 30, 2024",NOP vs. LAC,L,113,116,-3,False,0
1610612740,New Orleans Pelicans,0022400423,"DEC 27, 2024",NOP vs. MEM,L,124,132,-8,False,0
1610612740,New Orleans Pelicans,0022400416,"DEC 26, 2024",NOP vs. HOU,L,111,128,-17,False,0
1610612740,New Orleans Pelicans,0022400390,"DEC 22, 2024",NOP vs. DEN,L,129,132,-3,True,1
1610612740,New Orleans Pelicans,0022400384,"DEC 21, 2024",NOP vs. NYK,L,93,104,-11,False,0
1610612740,New Orleans Pelicans,0022400365,"DEC 19, 2024",NOP @ HOU,L,113,133,-20,False,0
1610612740,New Orleans Pelicans,0022401216,"DEC 15, 2024",NOP @ IND,L,104,119,-15,False,0
1610612740,New Orleans Pelicans,0022401207,"DEC 12, 2024",NOP vs. SAC,L,109,111,-2,False,0
1610612740,New Orleans Pelicans,0022400354,"DEC 08, 2024",NOP @ SAS,L,116,121,-5,False,0
1610612740,New Orleans Pelicans,0022400342,"DEC 07, 2024",NOP vs. OKC,L,109,119,-10,False,0
1610612740,New Orleans Pelicans,0022400330,"DEC 05, 2024",NOP vs. PHX,W,126,124,2,False,0
1610612740,New Orleans Pelicans,0022400315,"DEC 02, 2024",NOP @ ATL,L,112,124,-12,False,0
1610612740,New Orleans Pelicans,0022400308,"DEC 01, 2024",NOP @ NYK,L,85,118,-33,False,0
1610612740,New Orleans Pelicans,0022400042,"NOV 29, 2024",NOP @ MEM,L,109,120,-11,False,0
1610612740,New Orleans Pelicans,0022400295,"NOV 27, 2024",NOP vs. TOR,L,93,119,-26,False,0
1610612740,New Orleans Pelicans,0022400279,"NOV 25, 2024",NOP @ IND,L,110,114,-4,False,0
1610612740,New Orleans Pelicans,0022400032,"NOV 22, 2024",NOP vs. GSW,L,108,112,-4,False,0
1610612740,New Orleans Pelicans,0022400252,"NOV 20, 2024",NOP @ CLE,L,100,128,-28,False,0
1610612740,New Orleans Pelicans,0022400024,"NOV 19, 2024",NOP @ DAL,L,91,132,-41,False,0
1610612740,New Orleans Pelicans,0022400231,"NOV 16, 2024",NOP vs. LAL,L,99,104,-5,False,0
1610612740,New Orleans Pelicans,0022400017,"NOV 15, 2024",NOP vs. DEN,W,101,94,7,False,0
1610612740,New Orleans Pelicans,0022400221,"NOV 13, 2024",NOP @ OKC,L,88,106,-18,False,0
1610612740,New Orleans Pelicans,0022400214,"NOV 11, 2024",NOP vs. BKN,L,105,107,-2,False,0
1610612740,New Orleans Pelicans,0022400186,"NOV 08, 2024",NOP @ ORL,L,88,115,-27,False,0
1610612740,New Orleans Pelicans,0022400175,"NOV 06, 2024",NOP vs. CLE,L,122,131,-9,False,0
1610612740,New Orleans Pelicans,0022400164,"NOV 04, 2024",NOP vs. POR,L,100,118,-18,False,0
1610612740,New Orleans Pelicans,0022400152,"NOV 03, 2024",NOP vs. ATL,L,111,126,-15,False,0
1610612740,New Orleans Pelicans,0022400138,"NOV 01, 2024",NOP vs. IND,W,125,118,7,False,0
1610612740,New Orleans Pelicans,0022400126,"OCT 30, 2024",NOP @ GSW,L,89,104,-15,False,0
1610612740,New Orleans Pelicans,0022400116,"OCT 29, 2024",NOP @ GSW,L,106,124,-18,False,0
1610612740,New Orleans Pelicans,0022400099,"OCT 27, 2024",NOP @ POR,L,103,125,-22,False,0
1610612740,New Orleans Pelicans,0022400086,"OCT 25, 2024",NOP @ POR,W,105,103,2,False,0
1610612740,New Orleans Pelicans,0022400069,"OCT 23, 2024",NOP vs. CHI,W,123,111,12,False,0
1610612741,Chicago Bulls,0022401191,"APR 13, 2025",CHI @ PHI,W,122,102,20,False,0
1610612741,Chicago Bulls,0022401176,"APR 11, 2025",CHI vs. WAS,W,119,89,30,False,0
1610612741,Chicago Bulls,0022401160,"APR 09, 2025",CHI vs. MIA,W,119,111,8,False,0
1610612741,Chicago Bulls,0022401147,"APR 08, 2025",CHI @ CLE,L,113,135,-22,False,0
1610612741,Chicago Bulls,0022401133,"APR 06, 2025",CHI @ CHA,W,131,117,14,False,0
1610612741,Chicago Bulls,0022401122,"APR 04, 2025",CHI vs. POR,W,118,113,5,False,0
1610612741,Chicago Bulls,0022401099,"APR 01, 2025",CHI vs. TOR,W,137,118,19,False,0
1610612741,Chicago Bulls,0022401094,"MAR 31, 2025",CHI @ OKC,L,117,145,-28,False,0
1610612741,Chicago Bulls,0022401077,"MAR 29, 2025",CHI vs. DAL,L,119,120,-1,False,0
1610612741,Chicago Bulls,0022401063,"MAR 27, 2025",CHI vs. LAL,W,119,117,2,False,0
1610612741,Chicago Bulls,0022401042,"MAR 24, 2025",CHI @ DEN,W,129,119,10,False,0
1610612741,Chicago Bulls,0022401028,"MAR 22, 2025",CHI @ LAL,W,146,115,31,False,0
1610612741,Chicago Bulls,0022401013,"MAR 20, 2025",CHI @ SAC,W,128,116,12,False,0
1610612741,Chicago Bulls,0022401007,"MAR 19, 2025",CHI @ PHX,L,121,127,-6,False,0
1610612741,Chicago Bulls,0022400989,"MAR 17, 2025",CHI @ UTA,W,111,97,14,False,0
1610612741,Chicago Bulls,0022400970,"MAR 15, 2025",CHI @ HOU,L,114,117,-3,False,0
1610612741,Chicago Bulls,0022400956,"MAR 13, 2025",CHI vs. BKN,W,116,110,6,False,0
1610612741,Chicago Bulls,0022400933,"MAR 10, 2025",CHI vs. IND,W,121,103,18,False,0
1610612741,Chicago Bulls,0022400916,"MAR 08, 2025",CHI @ MIA,W,114,109,5,False,0
1610612741,Chicago Bulls,0022400944,"MAR 06, 2025",CHI @ ORL,W,125,123,2,False,0
1610612741,Chicago Bulls,0022400886,"MAR 04, 2025",CHI vs. CLE,L,117,139,-22,False,0
1610612741,Chicago Bulls,0022400868,"MAR 02, 2025",CHI @ IND,L,112,127,-15,False,0
1610612741,Chicago Bulls,0022400855,"FEB 28, 2025",CHI vs. TOR,W,125,115,10,True,1
1610612741,Chicago Bulls,0022400842,"FEB 26, 2025",CHI vs. LAC,L,117,122,-5,False,0
1610612741,Chicago Bulls,0022400823,"FEB 24, 2025",CHI @ PHI,W,142,110,32,False,0
1610612741,Chicago Bulls,0022400806,"FEB 22, 2025",CHI vs. PHX,L,117,121,-4,False,0
1610612741,Chicago Bulls,0022400792,"FEB 20, 2025",CHI @ NYK,L,111,113,-2,True,1
1610612741,Chicago Bulls,0022400775,"FEB 12, 2025",CHI vs. DET,L,110,128,-18,False,0
1610612741,Chicago Bulls,0022400766,"FEB 11, 2025",CHI vs. DET,L,92,132,-40,False,0
1610612741,Chicago Bulls,0022400745,"FEB 08, 2025",CHI vs. GSW,L,111,132,-21,False,0
1610612741,Chicago Bulls,0022400723,"FEB 05, 2025",CHI @ MIN,L,108,127,-19,False,0
1610612741,Chicago Bulls,0022400714,"FEB 04, 2025",CHI vs. MIA,W,133,124,9,False,0
1610612741,Chicago Bulls,0022400695,"FEB 02, 2025",CHI @ DET,L,119,127,-8,False,0
1610612741,Chicago Bulls,0022400682,"JAN 31, 2025",CHI @ TOR,W,122,106,16,False,0
1610612741,Chicago Bulls,0022400666,"JAN 29, 2025",CHI @ BOS,L,100,122,-22,False,0
1610612741,Chicago Bulls,0022400655,"JAN 27, 2025",CHI vs. DEN,W,129,121,8,False,0
1610612741,Chicago Bulls,0022400642,"JAN 25, 2025",CHI vs. PHI,L,97,109,-12,False,0
1610612741,Chicago Bulls,0022400628,"JAN 23, 2025",CHI @ GSW,L,106,131,-25,False,0
1610612741,Chicago Bulls,0022400611,"JAN 20, 2025",CHI @ LAC,W,112,99,13,False,0
1610612741,Chicago Bulls,0022400597,"JAN 19, 2025",CHI @ POR,L,102,113,-11,False,0
1610612741,Chicago Bulls,0022400584,"JAN 17, 2025",CHI vs. CHA,L,123,125,-2,False,0
1610612741,Chicago Bulls,0022400563,"JAN 15, 2025",CHI vs. ATL,L,94,110,-16,False,0
1610612741,Chicago Bulls,0022400557,"JAN 14, 2025",CHI vs. NOP,L,113,119,-6,False,0
1610612741,Chicago Bulls,0022400541,"JAN 12, 2025",CHI vs. SAC,L,119,124,-5,False,0
1610612741,Chicago Bulls,0022400530,"JAN 10, 2025",CHI vs. WAS,W,138,105,33,False,0
1610612741,Chicago Bulls,0022400510,"JAN 08, 2025",CHI @ IND,L,113,129,-16,False,0
1610612741,Chicago Bulls,0022400498,"JAN 06, 2025",CHI vs. SAS,W,114,110,4,False,0
1610612741,Chicago Bulls,0022400482,"JAN 04, 2025",CHI vs. NYK,W,139,126,13,False,0
1610612741,Chicago Bulls,0022400456,"JAN 01, 2025",CHI @ WAS,L,107,125,-18,False,0
1610612741,Chicago Bulls,0022400442,"DEC 30, 2024",CHI @ CHA,W,115,108,7,True,1
1610612741,Chicago Bulls,0022400430,"DEC 28, 2024",CHI vs. MIL,W,116,111,5,False,0
1610612741,Chicago Bulls,0022400413,"DEC 26, 2024",CHI @ ATL,L,133,141,-8,False,0
1610612741,Chicago Bulls,0022400398,"DEC 23, 2024",CHI vs. MIL,L,91,112,-21,False,0
1610612741,Chicago Bulls,0022400381,"DEC 21, 2024",CHI vs. BOS,L,98,123,-25,False,0
1610612741,Chicago Bulls,0022400363,"DEC 19, 2024",CHI @ BOS,W,117,108,9,False,0
1610612741,Chicago Bulls,0022401223,"DEC 16, 2024",CHI @ TOR,W,122,121,1,False,0
1610612741,Chicago Bulls,0022401212,"DEC 13, 2024",CHI vs. CHA,W,109,95,14,False,0
1610612741,Chicago Bulls,0022400347,"DEC 08, 2024",CHI vs. PHI,L,100,108,-8,False,0
1610612741,Chicago Bulls,0022400336,"DEC 06, 2024",CHI vs. IND,L,123,132,-9,False,0
1610612741,Chicago Bulls,0022400331,"DEC 05, 2024",CHI @ SAS,W,139,124,15,False,0
1610612741,Chicago Bulls,0022400317,"DEC 02, 2024",CHI vs. BKN,W,128,102,26,False,0
1610612741,Chicago Bulls,0022400047,"NOV 29, 2024",CHI vs. BOS,L,129,138,-9,False,0
1610612741,Chicago Bulls,0022400289,"NOV 27, 2024",CHI @ ORL,L,119,133,-14,False,0
1610612741,Chicago Bulls,0022400035,"NOV 26, 2024",CHI @ WAS,W,127,108,19,False,0
1610612741,Chicago Bulls,0022400266,"NOV 23, 2024",CHI vs. MEM,L,131,142,-11,False,0
1610612741,Chicago Bulls,0022400030,"NOV 22, 2024",CHI vs. ATL,W,136,122,14,False,0
1610612741,Chicago Bulls,0022400253,"NOV 20, 2024",CHI @ MIL,L,106,122,-16,False,0
1610612741,Chicago Bulls,0022400244,"NOV 18, 2024",CHI @ DET,W,122,112,10,False,0
1610612741,Chicago Bulls,0022400241,"NOV 17, 2024",CHI vs. HOU,L,107,143,-36,False,0
1610612741,Chicago Bulls,0022400013,"NOV 15, 2024",CHI @ CLE,L,126,144,-18,False,0
1610612741,Chicago Bulls,0022400219,"NOV 13, 2024",CHI @ NYK,W,124,123,1,False,0
1610612741,Chicago Bulls,0022400212,"NOV 11, 2024",CHI vs. CLE,L,113,119,-6,False,0
1610612741,Chicago Bulls,0022400198,"NOV 09, 2024",CHI @ ATL,W,125,113,12,False,0
1610612741,Chicago Bulls,0022400181,"NOV 07, 2024",CHI vs. MIN,L,119,135,-16,False,0
1610612741,Chicago Bulls,0022400176,"NOV 06, 2024",CHI @ DAL,L,99,119,-20,False,0
1610612741,Chicago Bulls,0022400160,"NOV 04, 2024",CHI vs. UTA,L,126,135,-9,False,0
1610612741,Chicago Bulls,0022400136,"NOV 01, 2024",CHI @ BKN,L,112,120,-8,False,0
1610612741,Chicago Bulls,0022400123,"OCT 30, 2024",CHI vs. ORL,W,102,99,3,False,0
1610612741,Chicago Bulls,0022400108,"OCT 28, 2024",CHI @ MEM,W,126,123,3,False,0
1610612741,Chicago Bulls,0022400091,"OCT 26, 2024",CHI vs. OKC,L,95,114,-19,False,0
1610612741,Chicago Bulls,0022400083,"OCT 25, 2024",CHI @ MIL,W,133,122,11,False,0
1610612741,Chicago Bulls,0022400069,"OCT 23, 2024",CHI @ NOP,L,111,123,-12,False,0
1610612742,Dallas Mavericks,0022401194,"APR 13, 2025",DAL @ MEM,L,97,132,-35,False,0
1610612742,Dallas Mavericks,0022401178,"APR 11, 2025",DAL vs. TOR,W,124,102,22,False,0
1610612742,Dallas Mavericks,0022401159,"APR 09, 2025",DAL vs. LAL,L,97,112,-15,False,0
1610612742,Dallas Mavericks,0022401132,"APR 05, 2025",DAL @ LAC,L,104,135,-31,False,0
1610612742,Dallas Mavericks,0022401127,"APR 04, 2025",DAL @ LAC,L,91,114,-23,False,0
1610612742,Dallas Mavericks,0022401109,"APR 02, 2025",DAL vs. ATL,W,120,118,2,False,0
1610612742,Dallas Mavericks,0022401095,"MAR 31, 2025",DAL vs. BKN,L,109,113,-4,False,0
1610612742,Dallas Mavericks,0022401077,"MAR 29, 2025",DAL @ CHI,W,120,119,1,False,0
1610612742,Dallas Mavericks,0022401060,"MAR 27, 2025",DAL @ ORL,W,101,92,9,False,0
1610612742,Dallas Mavericks,0022401048,"MAR 25, 2025",DAL @ NYK,L,113,128,-15,False,0
1610612742,Dallas Mavericks,0022401040,"MAR 24, 2025",DAL @ BKN,W,120,101,19,False,0
1610612742,Dallas Mavericks,0022401019,"MAR 21, 2025",DAL vs. DET,W,123,117,6,False,0
1610612742,Dallas Mavericks,0022400998,"MAR 19, 2025",DAL @ IND,L,131,135,-4,False,0
1610612742,Dallas Mavericks,0022400976,"MAR 16, 2025",DAL vs. PHI,L,125,130,-5,False,0
1610612742,Dallas Mavericks,0022400961,"MAR 14, 2025",DAL @ HOU,L,96,133,-37,False,0
1610612742,Dallas Mavericks,0022400951,"MAR 12, 2025",DAL @ SAS,L,116,126,-10,False,0
1610612742,Dallas Mavericks,0022400937,"MAR 10, 2025",DAL @ SAS,W,133,129,4,False,0
1610612742,Dallas Mavericks,0022400921,"MAR 09, 2025",DAL vs. PHX,L,116,125,-9,False,0
1610612742,Dallas Mavericks,0022400906,"MAR 07, 2025",DAL vs. MEM,L,111,122,-11,False,0
1610612742,Dallas Mavericks,0022400897,"MAR 05, 2025",DAL @ MIL,L,107,137,-30,False,0
1610612742,Dallas Mavericks,0022400880,"MAR 03, 2025",DAL vs. SAC,L,98,122,-24,False,0
1610612742,Dallas Mavericks,0022400865,"MAR 01, 2025",DAL vs. MIL,L,117,132,-15,False,0
1610612742,Dallas Mavericks,0022400847,"FEB 27, 2025",DAL vs. CHA,W,103,96,7,False,0
1610612742,Dallas Mavericks,0022400835,"FEB 25, 2025",DAL @ LAL,L,99,107,-8,False,0
1610612742,Dallas Mavericks,0022400812,"FEB 23, 2025",DAL @ GSW,L,102,126,-24,False,0
1610612742,Dallas Mavericks,0022400803,"FEB 21, 2025",DAL vs. NOP,W,111,103,8,False,0
1610612742,Dallas Mavericks,0022400786,"FEB 13, 2025",DAL vs. MIA,W,118,113,5,False,0
1610612742,Dallas Mavericks,0022400782,"FEB 12, 2025",DAL vs. GSW,W,111,107,4,False,0
1610612742,Dallas Mavericks,0022400762,"FEB 10, 2025",DAL vs. SAC,L,128,129,-1,True,1
1610612742,Dallas Mavericks,0022400741,"FEB 08, 2025",DAL vs. HOU,W,116,105,11,False,0
1610612742,Dallas Mavericks,0022400728,"FEB 06, 2025",DAL @ BOS,W,127,120,7,False,0
1610612742,Dallas Mavericks,0022400712,"FEB 04, 2025",DAL @ PHI,L,116,118,-2,False,0
1610612742,Dallas Mavericks,0022400696,"FEB 02, 2025",DAL @ CLE,L,101,144,-43,False,0
1610612742,Dallas Mavericks,0022400680,"JAN 31, 2025",DAL @ DET,L,102,117,-15,False,0
1610612742,Dallas Mavericks,0022400670,"JAN 29, 2025",DAL @ NOP,W,137,136,1,False,0
1610612742,Dallas Mavericks,0022400657,"JAN 27, 2025",DAL vs. WAS,W,130,108,22,False,0
1610612742,Dallas Mavericks,0022400635,"JAN 25, 2025",DAL vs. BOS,L,107,122,-15,False,0
1610612742,Dallas Mavericks,0022400625,"JAN 23, 2025",DAL @ OKC,W,121,115,6,False,0
1610612742,Dallas Mavericks,0022400614,"JAN 22, 2025",DAL vs. MIN,L,114,115,-1,False,0
1610612742,Dallas Mavericks,0022400599,"JAN 20, 2025",DAL @ CHA,L,105,110,-5,False,0
1610612742,Dallas Mavericks,0022400583,"JAN 17, 2025",DAL vs. OKC,W,106,98,8,False,0
1610612742,Dallas Mavericks,0022400566,"JAN 15, 2025",DAL @ NOP,L,116,119,-3,False,0
1610612742,Dallas Mavericks,0022400559,"JAN 14, 2025",DAL vs. DEN,L,99,118,-19,False,0
1610612742,Dallas Mavericks,0022400540,"JAN 12, 2025",DAL vs. DEN,L,101,112,-11,False,0
1610612742,Dallas Mavericks,0022400521,"JAN 09, 2025",DAL vs. POR,W,117,111,6,False,0
1610612742,Dallas Mavericks,0022400504,"JAN 07, 2025",DAL vs. LAL,W,118,97,21,False,0
1610612742,Dallas Mavericks,0022400499,"JAN 06, 2025",DAL @ MEM,L,104,119,-15,False,0
1610612742,Dallas Mavericks,0022400474,"JAN 03, 2025",DAL vs. CLE,L,122,134,-12,False,0
1610612742,Dallas Mavericks,0022400460,"JAN 01, 2025",DAL @ HOU,L,99,110,-11,False,0
1610612742,Dallas Mavericks,0022400448,"DEC 30, 2024",DAL @ SAC,L,100,110,-10,False,0
1610612742,Dallas Mavericks,0022400434,"DEC 28, 2024",DAL @ POR,L,122,126,-4,False,0
1610612742,Dallas Mavericks,0022400425,"DEC 27, 2024",DAL @ PHX,W,98,89,9,False,0
1610612742,Dallas Mavericks,0022400406,"DEC 25, 2024",DAL vs. MIN,L,99,105,-6,False,0
1610612742,Dallas Mavericks,0022400401,"DEC 23, 2024",DAL vs. POR,W,132,108,24,False,0
1610612742,Dallas Mavericks,0022400385,"DEC 21, 2024",DAL vs. LAC,W,113,97,16,False,0
1610612742,Dallas Mavericks,0022400368,"DEC 19, 2024",DAL vs. LAC,L,95,118,-23,False,0
1610612742,Dallas Mavericks,0022401228,"DEC 15, 2024",DAL @ GSW,W,143,133,10,False,0
1610612742,Dallas Mavericks,0022401203,"DEC 10, 2024",DAL @ OKC,L,104,118,-14,False,0
1610612742,Dallas Mavericks,0022400344,"DEC 07, 2024",DAL @ TOR,W,125,118,7,False,0
1610612742,Dallas Mavericks,0022400326,"DEC 05, 2024",DAL @ WAS,W,137,101,36,False,0
1610612742,Dallas Mavericks,0022400056,"DEC 03, 2024",DAL vs. MEM,W,121,116,5,False,0
1610612742,Dallas Mavericks,0022400312,"DEC 01, 2024",DAL @ POR,W,137,131,6,False,0
1610612742,Dallas Mavericks,0022400304,"NOV 30, 2024",DAL @ UTA,W,106,94,12,False,0
1610612742,Dallas Mavericks,0022400292,"NOV 27, 2024",DAL vs. NYK,W,129,114,15,False,0
1610612742,Dallas Mavericks,0022400280,"NOV 25, 2024",DAL @ ATL,W,129,119,10,False,0
1610612742,Dallas Mavericks,0022400273,"NOV 24, 2024",DAL @ MIA,L,118,123,-5,True,1
1610612742,Dallas Mavericks,0022400033,"NOV 22, 2024",DAL @ DEN,W,123,120,3,False,0
1610612742,Dallas Mavericks,0022400024,"NOV 19, 2024",DAL vs. NOP,W,132,91,41,False,0
1610612742,Dallas Mavericks,0022400242,"NOV 17, 2024",DAL @ OKC,W,121,119,2,False,0
1610612742,Dallas Mavericks,0022400232,"NOV 16, 2024",DAL vs. SAS,W,110,93,17,False,0
1610612742,Dallas Mavericks,0022400228,"NOV 14, 2024",DAL @ UTA,L,113,115,-2,False,0
1610612742,Dallas Mavericks,0022400007,"NOV 12, 2024",DAL @ GSW,L,117,120,-3,False,0
1610612742,Dallas Mavericks,0022400208,"NOV 10, 2024",DAL @ DEN,L,120,122,-2,False,0
1610612742,Dallas Mavericks,0022400190,"NOV 08, 2024",DAL vs. PHX,L,113,114,-1,False,0
1610612742,Dallas Mavericks,0022400176,"NOV 06, 2024",DAL vs. CHI,W,119,99,20,False,0
1610612742,Dallas Mavericks,0022400165,"NOV 04, 2024",DAL vs. IND,L,127,134,-7,False,0
1610612742,Dallas Mavericks,0022400153,"NOV 03, 2024",DAL vs. ORL,W,108,85,23,False,0
1610612742,Dallas Mavericks,0022400129,"OCT 31, 2024",DAL vs. HOU,L,102,108,-6,False,0
1610612742,Dallas Mavericks,0022400114,"OCT 29, 2024",DAL @ MIN,W,120,114,6,False,0
1610612742,Dallas Mavericks,0022400110,"OCT 28, 2024",DAL vs. UTA,W,110,102,8,False,0
1610612742,Dallas Mavericks,0022400095,"OCT 26, 2024",DAL @ PHX,L,102,114,-12,False,0
1610612742,Dallas Mavericks,0022400074,"OCT 24, 2024",DAL vs. SAS,W,120,109,11,False,0
1610612743,Denver Nuggets,0022401193,"APR 13, 2025",DEN @ HOU,W,126,111,15,False,0
1610612743,Denver Nuggets,0022401180,"APR 11, 2025",DEN vs. MEM,W,117,109,8,False,0
1610612743,Denver Nuggets,0022401165,"APR 09, 2025",DEN @ SAC,W,124,116,8,False,0
1610612743,Denver Nuggets,0022401142,"APR 06, 2025",DEN vs. IND,L,120,125,-5,False,0
1610612743,Denver Nuggets,0022401125,"APR 04, 2025",DEN @ GSW,L,104,118,-14,False,0
1610612743,Denver Nuggets,0022401110,"APR 02, 2025",DEN vs. SAS,L,106,113,-7,False,0
1610612743,Denver Nuggets,0022401102,"APR 01, 2025",DEN vs. MIN,L,139,140,-1,True,2
1610612743,Denver Nuggets,0022401073,"MAR 28, 2025",DEN vs. UTA,W,129,93,36,False,0
1610612743,Denver Nuggets,0022401057,"MAR 26, 2025",DEN vs. MIL,W,127,117,10,False,0
1610612743,Denver Nuggets,0022401042,"MAR 24, 2025",DEN vs. CHI,L,119,129,-10,False,0
1610612743,Denver Nuggets,0022401035,"MAR 23, 2025",DEN @ HOU,W,116,111,5,False,0
1610612743,Denver Nuggets,0022401022,"MAR 21, 2025",DEN @ POR,L,109,128,-19,False,0
1610612743,Denver Nuggets,0022401006,"MAR 19, 2025",DEN @ LAL,L,108,120,-12,False,0
1610612743,Denver Nuggets,0022400990,"MAR 17, 2025",DEN @ GSW,W,114,105,9,False,0
1610612743,Denver Nuggets,0022400975,"MAR 15, 2025",DEN vs. WAS,L,123,126,-3,False,0
1610612743,Denver Nuggets,0022400965,"MAR 14, 2025",DEN vs. LAL,W,131,126,5,False,0
1610612743,Denver Nuggets,0022400952,"MAR 12, 2025",DEN vs. MIN,L,95,115,-20,False,0
1610612743,Denver Nuggets,0022400936,"MAR 10, 2025",DEN @ OKC,W,140,127,13,False,0
1610612743,Denver Nuggets,0022400920,"MAR 09, 2025",DEN @ OKC,L,103,127,-24,False,0
1610612743,Denver Nuggets,0022400909,"MAR 07, 2025",DEN vs. PHX,W,149,141,8,True,1
1610612743,Denver Nuggets,0022400896,"MAR 05, 2025",DEN vs. SAC,W,116,110,6,False,0
1610612743,Denver Nuggets,0022400866,"MAR 02, 2025",DEN @ BOS,L,103,110,-7,False,0
1610612743,Denver Nuggets,0022400850,"FEB 28, 2025",DEN @ DET,W,134,119,15,False,0
1610612743,Denver Nuggets,0022400846,"FEB 27, 2025",DEN @ MIL,L,112,121,-9,False,0
1610612743,Denver Nuggets,0022400822,"FEB 24, 2025",DEN @ IND,W,125,116,9,False,0
1610612743,Denver Nuggets,0022400808,"FEB 22, 2025",DEN vs. LAL,L,100,123,-23,False,0
1610612743,Denver Nuggets,0022400794,"FEB 20, 2025",DEN vs. CHA,W,129,115,14,False,0
1610612743,Denver Nuggets,0022400780,"FEB 12, 2025",DEN vs. POR,W,132,121,11,False,0
1610612743,Denver Nuggets,0022400763,"FEB 10, 2025",DEN vs. POR,W,146,117,29,False,0
1610612743,Denver Nuggets,0022400749,"FEB 08, 2025",DEN @ PHX,W,122,105,17,False,0
1610612743,Denver Nuggets,0022400730,"FEB 06, 2025",DEN vs. ORL,W,112,90,22,False,0
1610612743,Denver Nuggets,0022400726,"FEB 05, 2025",DEN vs. NOP,W,144,119,25,False,0
1610612743,Denver Nuggets,0022400706,"FEB 03, 2025",DEN vs. NOP,W,125,113,12,False,0
1610612743,Denver Nuggets,0022400688,"FEB 01, 2025",DEN @ CHA,W,107,104,3,False,0
1610612743,Denver Nuggets,0022400681,"JAN 31, 2025",DEN @ PHI,W,137,134,3,False,0
1610612743,Denver Nuggets,0022400668,"JAN 29, 2025",DEN @ NYK,L,112,122,-10,False,0
1610612743,Denver Nuggets,0022400655,"JAN 27, 2025",DEN @ CHI,L,121,129,-8,False,0
1610612743,Denver Nuggets,0022400634,"JAN 25, 2025",DEN @ MIN,L,104,133,-29,False,0
1610612743,Denver Nuggets,0022400626,"JAN 23, 2025",DEN vs. SAC,W,132,123,9,False,0
1610612743,Denver Nuggets,0022400609,"JAN 21, 2025",DEN vs. PHI,W,144,109,35,False,0
1610612743,Denver Nuggets,0022400593,"JAN 19, 2025",DEN @ ORL,W,113,100,13,False,0
1610612743,Denver Nuggets,0022400579,"JAN 17, 2025",DEN @ MIA,W,133,113,20,False,0
1610612743,Denver Nuggets,0022400568,"JAN 15, 2025",DEN vs. HOU,L,108,128,-20,False,0
1610612743,Denver Nuggets,0022400559,"JAN 14, 2025",DEN @ DAL,W,118,99,19,False,0
1610612743,Denver Nuggets,0022400540,"JAN 12, 2025",DEN @ DAL,W,112,101,11,False,0
1610612743,Denver Nuggets,0022400531,"JAN 10, 2025",DEN vs. BKN,W,124,105,19,False,0
1610612743,Denver Nuggets,0022400515,"JAN 08, 2025",DEN vs. LAC,W,126,103,23,False,0
1610612743,Denver Nuggets,0022400507,"JAN 07, 2025",DEN vs. BOS,L,106,118,-12,False,0
1610612743,Denver Nuggets,0022400484,"JAN 04, 2025",DEN @ SAS,W,122,111,11,True,1
1610612743,Denver Nuggets,0022400475,"JAN 03, 2025",DEN vs. SAS,L,110,113,-3,False,0
1610612743,Denver Nuggets,0022400461,"JAN 01, 2025",DEN vs. ATL,W,139,120,19,False,0
1610612743,Denver Nuggets,0022400445,"DEC 30, 2024",DEN @ UTA,W,132,121,11,False,0
1610612743,Denver Nuggets,0022400432,"DEC 28, 2024",DEN vs. DET,W,134,121,13,False,0
1610612743,Denver Nuggets,0022400424,"DEC 27, 2024",DEN vs. CLE,L,135,149,-14,False,0
1610612743,Denver Nuggets,0022400409,"DEC 25, 2024",DEN @ PHX,L,100,110,-10,False,0
1610612743,Denver Nuggets,0022400402,"DEC 23, 2024",DEN vs. PHX,W,117,90,27,False,0
1610612743,Denver Nuggets,0022400390,"DEC 22, 2024",DEN @ NOP,W,132,129,3,True,1
1610612743,Denver Nuggets,0022400371,"DEC 19, 2024",DEN @ POR,L,124,126,-2,False,0
1610612743,Denver Nuggets,0022401225,"DEC 16, 2024",DEN @ SAC,W,130,129,1,False,0
1610612743,Denver Nuggets,0022401213,"DEC 13, 2024",DEN vs. LAC,W,120,98,22,False,0
1610612743,Denver Nuggets,0022400350,"DEC 08, 2024",DEN @ ATL,W,141,111,30,False,0
1610612743,Denver Nuggets,0022400341,"DEC 07, 2024",DEN @ WAS,L,113,122,-9,False,0
1610612743,Denver Nuggets,0022400325,"DEC 05, 2024",DEN @ CLE,L,114,126,-12,False,0
1610612743,Denver Nuggets,0022400058,"DEC 03, 2024",DEN vs. GSW,W,119,115,4,False,0
1610612743,Denver Nuggets,0022400314,"DEC 01, 2024",DEN @ LAC,L,122,126,-4,False,0
1610612743,Denver Nuggets,0022400298,"NOV 27, 2024",DEN @ UTA,W,122,103,19,False,0
1610612743,Denver Nuggets,0022400283,"NOV 25, 2024",DEN vs. NYK,L,118,145,-27,False,0
1610612743,Denver Nuggets,0022400270,"NOV 23, 2024",DEN @ LAL,W,127,102,25,False,0
1610612743,Denver Nuggets,0022400033,"NOV 22, 2024",DEN vs. DAL,L,120,123,-3,False,0
1610612743,Denver Nuggets,0022400023,"NOV 19, 2024",DEN @ MEM,W,122,110,12,False,0
1610612743,Denver Nuggets,0022400238,"NOV 17, 2024",DEN @ MEM,L,90,105,-15,False,0
1610612743,Denver Nuggets,0022400017,"NOV 15, 2024",DEN @ NOP,L,94,101,-7,False,0
1610612743,Denver Nuggets,0022400208,"NOV 10, 2024",DEN vs. DAL,W,122,120,2,False,0
1610612743,Denver Nuggets,0022400194,"NOV 08, 2024",DEN vs. MIA,W,135,122,13,False,0
1610612743,Denver Nuggets,0022400177,"NOV 06, 2024",DEN vs. OKC,W,124,122,2,False,0
1610612743,Denver Nuggets,0022400166,"NOV 04, 2024",DEN vs. TOR,W,121,119,2,False,0
1610612743,Denver Nuggets,0022400148,"NOV 02, 2024",DEN vs. UTA,W,129,103,26,False,0
1610612743,Denver Nuggets,0022400139,"NOV 01, 2024",DEN @ MIN,L,116,119,-3,False,0
1610612743,Denver Nuggets,0022400113,"OCT 29, 2024",DEN @ BKN,W,144,139,5,True,1
1610612743,Denver Nuggets,0022400107,"OCT 28, 2024",DEN @ TOR,W,127,125,2,True,1
1610612743,Denver Nuggets,0022400087,"OCT 26, 2024",DEN vs. LAC,L,104,109,-5,False,0
1610612743,Denver Nuggets,0022400075,"OCT 24, 2024",DEN vs. OKC,L,87,102,-15,False,0
1610612744,Golden State Warriors,0022401198,"APR 13, 2025",GSW vs. LAC,L,119,124,-5,True,1
1610612744,Golden State Warriors,0022401183,"APR 11, 2025",GSW @ POR,W,103,86,17,False,0
1610612744,Golden State Warriors,0022401163,"APR 09, 2025",GSW vs. SAS,L,111,114,-3,False,0
1610612744,Golden State Warriors,0022401154,"APR 08, 2025",GSW @ PHX,W,133,95,38,False,0
1610612744,Golden State Warriors,0022401143,"APR 06, 2025",GSW vs. HOU,L,96,106,-10,False,0
1610612744,Golden State Warriors,0022401125,"APR 04, 2025",GSW vs. DEN,W,118,104,14,False,0
1610612744,Golden State Warriors,0022401117,"APR 03, 2025",GSW @ LAL,W,123,116,7,False,0
1610612744,Golden State Warriors,0022401100,"APR 01, 2025",GSW @ MEM,W,134,125,9,False,0
1610612744,Golden State Warriors,0022401086,"MAR 30, 2025",GSW @ SAS,W,148,106,42,False,0
1610612744,Golden State Warriors,0022401072,"MAR 28, 2025",GSW @ NOP,W,111,95,16,False,0
1610612744,Golden State Warriors,0022401047,"MAR 25, 2025",GSW @ MIA,L,86,112,-26,False,0
1610612744,Golden State Warriors,0022401025,"MAR 22, 2025",GSW @ ATL,L,115,124,-9,False,0
1610612744,Golden State Warriors,0022401005,"MAR 20, 2025",GSW vs. TOR,W,117,114,3,False,0
1610612744,Golden State Warriors,0022401012,"MAR 18, 2025",GSW vs. MIL,W,104,93,11,False,0
1610612744,Golden State Warriors,0022400990,"MAR 17, 2025",GSW vs. DEN,L,105,114,-9,False,0
1610612744,Golden State Warriors,0022400974,"MAR 15, 2025",GSW vs. NYK,W,97,94,3,False,0
1610612744,Golden State Warriors,0022400957,"MAR 13, 2025",GSW vs. SAC,W,130,104,26,False,0
1610612744,Golden State Warriors,0022400938,"MAR 10, 2025",GSW vs. POR,W,130,120,10,False,0
1610612744,Golden State Warriors,0022400919,"MAR 08, 2025",GSW vs. DET,W,115,110,5,False,0
1610612744,Golden State Warriors,0022400901,"MAR 06, 2025",GSW @ BKN,W,121,119,2,False,0
1610612744,Golden State Warriors,0022400885,"MAR 04, 2025",GSW @ NYK,W,114,102,12,False,0
1610612744,Golden State Warriors,0022400875,"MAR 03, 2025",GSW @ CHA,W,119,101,18,False,0
1610612744,Golden State Warriors,0022400864,"MAR 01, 2025",GSW @ PHI,L,119,126,-7,False,0
1610612744,Golden State Warriors,0022400845,"FEB 27, 2025",GSW @ ORL,W,121,115,6,False,0
1610612744,Golden State Warriors,0022400834,"FEB 25, 2025",GSW vs. CHA,W,128,92,36,False,0
1610612744,Golden State Warriors,0022400812,"FEB 23, 2025",GSW vs. DAL,W,126,102,24,False,0
1610612744,Golden State Warriors,0022400805,"FEB 21, 2025",GSW @ SAC,W,132,108,24,False,0
1610612744,Golden State Warriors,0022400784,"FEB 13, 2025",GSW @ HOU,W,105,98,7,False,0
1610612744,Golden State Warriors,0022400782,"FEB 12, 2025",GSW @ DAL,L,107,111,-4,False,0
1610612744,Golden State Warriors,0022400760,"FEB 10, 2025",GSW @ MIL,W,125,111,14,False,0
1610612744,Golden State Warriors,0022400745,"FEB 08, 2025",GSW @ CHI,W,132,111,21,False,0
1610612744,Golden State Warriors,0022400731,"FEB 06, 2025",GSW @ LAL,L,112,120,-8,False,0
1610612744,Golden State Warriors,0022400725,"FEB 05, 2025",GSW @ UTA,L,128,131,-3,False,0
1610612744,Golden State Warriors,0022400708,"FEB 03, 2025",GSW vs. ORL,W,104,99,5,False,0
1610612744,Golden State Warriors,0022400685,"JAN 31, 2025",GSW vs. PHX,L,105,130,-25,False,0
1610612744,Golden State Warriors,0022400673,"JAN 29, 2025",GSW vs. OKC,W,116,109,7,False,0
1610612744,Golden State Warriors,0022400661,"JAN 28, 2025",GSW vs. UTA,W,114,103,11,False,0
1610612744,Golden State Warriors,0022400644,"JAN 25, 2025",GSW vs. LAL,L,108,118,-10,False,0
1610612744,Golden State Warriors,0022400628,"JAN 23, 2025",GSW vs. CHI,W,131,106,25,False,0
1610612744,Golden State Warriors,0022400619,"JAN 22, 2025",GSW @ SAC,L,117,123,-6,False,0
1610612744,Golden State Warriors,0022400604,"JAN 20, 2025",GSW vs. BOS,L,85,125,-40,False,0
1610612744,Golden State Warriors,0022400589,"JAN 18, 2025",GSW vs. WAS,W,122,114,8,False,0
1610612744,Golden State Warriors,0022400565,"JAN 15, 2025",GSW @ MIN,W,116,115,1,False,0
1610612744,Golden State Warriors,0022400550,"JAN 13, 2025",GSW @ TOR,L,101,104,-3,False,0
1610612744,Golden State Warriors,0022400525,"JAN 10, 2025",GSW @ IND,L,96,108,-12,False,0
1610612744,Golden State Warriors,0022400518,"JAN 09, 2025",GSW @ DET,W,107,104,3,False,0
1610612744,Golden State Warriors,0022400508,"JAN 07, 2025",GSW vs. MIA,L,98,114,-16,False,0
1610612744,Golden State Warriors,0022400492,"JAN 05, 2025",GSW vs. SAC,L,99,129,-30,False,0
1610612744,Golden State Warriors,0022400485,"JAN 04, 2025",GSW vs. MEM,W,121,113,8,False,0
1610612744,Golden State Warriors,0022400467,"JAN 02, 2025",GSW vs. PHI,W,139,105,34,False,0
1610612744,Golden State Warriors,0022400446,"DEC 30, 2024",GSW vs. CLE,L,95,113,-18,False,0
1610612744,Golden State Warriors,0022400431,"DEC 28, 2024",GSW vs. PHX,W,109,105,4,False,0
1610612744,Golden State Warriors,0022400426,"DEC 27, 2024",GSW @ LAC,L,92,102,-10,False,0
1610612744,Golden State Warriors,0022400408,"DEC 25, 2024",GSW vs. LAL,L,113,115,-2,False,0
1610612744,Golden State Warriors,0022400403,"DEC 23, 2024",GSW vs. IND,L,105,111,-6,False,0
1610612744,Golden State Warriors,0022400383,"DEC 21, 2024",GSW @ MIN,W,113,103,10,False,0
1610612744,Golden State Warriors,0022400366,"DEC 19, 2024",GSW @ MEM,L,93,144,-51,False,0
1610612744,Golden State Warriors,0022401228,"DEC 15, 2024",GSW vs. DAL,L,133,143,-10,False,0
1610612744,Golden State Warriors,0022401204,"DEC 11, 2024",GSW @ HOU,L,90,91,-1,False,0
1610612744,Golden State Warriors,0022400355,"DEC 08, 2024",GSW vs. MIN,W,114,106,8,False,0
1610612744,Golden State Warriors,0022400338,"DEC 06, 2024",GSW vs. MIN,L,90,107,-17,False,0
1610612744,Golden State Warriors,0022400332,"DEC 05, 2024",GSW vs. HOU,W,99,93,6,False,0
1610612744,Golden State Warriors,0022400058,"DEC 03, 2024",GSW @ DEN,L,115,119,-4,False,0
1610612744,Golden State Warriors,0022400303,"NOV 30, 2024",GSW @ PHX,L,105,113,-8,False,0
1610612744,Golden State Warriors,0022400299,"NOV 27, 2024",GSW vs. OKC,L,101,105,-4,False,0
1610612744,Golden State Warriors,0022400284,"NOV 25, 2024",GSW vs. BKN,L,120,128,-8,False,0
1610612744,Golden State Warriors,0022400269,"NOV 23, 2024",GSW @ SAS,L,94,104,-10,False,0
1610612744,Golden State Warriors,0022400032,"NOV 22, 2024",GSW @ NOP,W,112,108,4,False,0
1610612744,Golden State Warriors,0022400258,"NOV 20, 2024",GSW vs. ATL,W,120,97,23,False,0
1610612744,Golden State Warriors,0022400251,"NOV 18, 2024",GSW @ LAC,L,99,102,-3,False,0
1610612744,Golden State Warriors,0022400019,"NOV 15, 2024",GSW vs. MEM,W,123,118,5,False,0
1610612744,Golden State Warriors,0022400007,"NOV 12, 2024",GSW vs. DAL,W,120,117,3,False,0
1610612744,Golden State Warriors,0022400207,"NOV 10, 2024",GSW @ OKC,W,127,116,11,False,0
1610612744,Golden State Warriors,0022400188,"NOV 08, 2024",GSW @ CLE,L,117,136,-19,False,0
1610612744,Golden State Warriors,0022400172,"NOV 06, 2024",GSW @ BOS,W,118,112,6,False,0
1610612744,Golden State Warriors,0022400155,"NOV 04, 2024",GSW @ WAS,W,125,112,13,False,0
1610612744,Golden State Warriors,0022400144,"NOV 02, 2024",GSW @ HOU,W,127,121,6,True,1
1610612744,Golden State Warriors,0022400126,"OCT 30, 2024",GSW vs. NOP,W,104,89,15,False,0
1610612744,Golden State Warriors,0022400116,"OCT 29, 2024",GSW vs. NOP,W,124,106,18,False,0
1610612744,Golden State Warriors,0022400101,"OCT 27, 2024",GSW vs. LAC,L,104,112,-8,False,0
1610612744,Golden State Warriors,0022400084,"OCT 25, 2024",GSW @ UTA,W,127,86,41,False,0
1610612744,Golden State Warriors,0022400072,"OCT 23, 2024",GSW @ POR,W,140,104,36,False,0
1610612745,Houston Rockets,0022401193,"APR 13, 2025",HOU vs. DEN,L,111,126,-15,False,0
1610612745,Houston Rockets,0022401185,"APR 11, 2025",HOU @ LAL,L,109,140,-31,False,0
1610612745,Houston Rockets,0022401166,"APR 09, 2025",HOU @ LAC,L,117,134,-17,False,0
1610612745,Houston Rockets,0022401143,"APR 06, 2025",HOU @ GSW,W,106,96,10,False,0
1610612745,Houston Rockets,0022401123,"APR 04, 2025",HOU vs. OKC,W,125,111,14,False,0
1610612745,Houston Rockets,0022401107,"APR 02, 2025",HOU vs. UTA,W,143,105,38,False,0
1610612745,Houston Rockets,0022401096,"MAR 31, 2025",HOU @ LAL,L,98,104,-6,False,0
1610612745,Houston Rockets,0022401088,"MAR 30, 2025",HOU @ PHX,W,148,109,39,False,0
1610612745,Houston Rockets,0022401065,"MAR 27, 2025",HOU @ UTA,W,121,110,11,False,0
1610612745,Houston Rockets,0022401049,"MAR 25, 2025",HOU vs. ATL,W,121,114,7,False,0
1610612745,Houston Rockets,0022401035,"MAR 23, 2025",HOU vs. DEN,L,111,116,-5,False,0
1610612745,Houston Rockets,0022401015,"MAR 21, 2025",HOU @ MIA,W,102,98,4,False,0
1610612745,Houston Rockets,0022400999,"MAR 19, 2025",HOU @ ORL,W,116,108,8,False,0
1610612745,Houston Rockets,0022400985,"MAR 17, 2025",HOU vs. PHI,W,144,137,7,True,1
1610612745,Houston Rockets,0022400970,"MAR 15, 2025",HOU vs. CHI,W,117,114,3,False,0
1610612745,Houston Rockets,0022400961,"MAR 14, 2025",HOU vs. DAL,W,133,96,37,False,0
1610612745,Houston Rockets,0022400949,"MAR 12, 2025",HOU vs. PHX,W,111,104,7,False,0
1610612745,Houston Rockets,0022400934,"MAR 10, 2025",HOU vs. ORL,W,97,84,13,False,0
1610612745,Houston Rockets,0022400913,"MAR 08, 2025",HOU vs. NOP,W,146,117,29,False,0
1610612745,Houston Rockets,0022400902,"MAR 06, 2025",HOU @ NOP,W,109,97,12,False,0
1610612745,Houston Rockets,0022400882,"MAR 04, 2025",HOU @ IND,L,102,115,-13,False,0
1610612745,Houston Rockets,0022400879,"MAR 03, 2025",HOU @ OKC,L,128,137,-9,False,0
1610612745,Houston Rockets,0022400862,"MAR 01, 2025",HOU vs. SAC,L,103,113,-10,False,0
1610612745,Houston Rockets,0022400844,"FEB 26, 2025",HOU vs. SAS,W,118,106,12,False,0
1610612745,Houston Rockets,0022400831,"FEB 25, 2025",HOU vs. MIL,W,100,97,3,False,0
1610612745,Houston Rockets,0022400809,"FEB 22, 2025",HOU @ UTA,L,115,124,-9,False,0
1610612745,Houston Rockets,0022400801,"FEB 21, 2025",HOU vs. MIN,W,121,115,6,False,0
1610612745,Houston Rockets,0022400784,"FEB 13, 2025",HOU vs. GSW,L,98,105,-7,False,0
1610612745,Houston Rockets,0022400779,"FEB 12, 2025",HOU vs. PHX,W,119,111,8,False,0
1610612745,Houston Rockets,0022400753,"FEB 09, 2025",HOU vs. TOR,W,94,87,7,False,0
1610612745,Houston Rockets,0022400741,"FEB 08, 2025",HOU @ DAL,L,105,116,-11,False,0
1610612745,Houston Rockets,0022400729,"FEB 06, 2025",HOU @ MIN,L,114,127,-13,False,0
1610612745,Houston Rockets,0022400711,"FEB 04, 2025",HOU @ BKN,L,97,99,-2,False,0
1610612745,Houston Rockets,0022400702,"FEB 03, 2025",HOU @ NYK,L,118,124,-6,False,0
1610612745,Houston Rockets,0022400689,"FEB 01, 2025",HOU vs. BKN,L,98,110,-12,False,0
1610612745,Houston Rockets,0022400676,"JAN 30, 2025",HOU @ MEM,L,119,120,-1,False,0
1610612745,Houston Rockets,0022400532,"JAN 28, 2025",HOU @ ATL,W,100,96,4,False,0
1610612745,Houston Rockets,0022400650,"JAN 27, 2025",HOU @ BOS,W,114,112,2,False,0
1610612745,Houston Rockets,0022400640,"JAN 25, 2025",HOU @ CLE,W,135,131,4,False,0
1610612745,Houston Rockets,0022400615,"JAN 22, 2025",HOU vs. CLE,W,109,108,1,False,0
1610612745,Houston Rockets,0022400600,"JAN 20, 2025",HOU vs. DET,L,96,107,-11,False,0
1610612745,Houston Rockets,0022400591,"JAN 18, 2025",HOU @ POR,W,125,103,22,False,0
1610612745,Houston Rockets,0022400576,"JAN 16, 2025",HOU @ SAC,L,127,132,-5,False,0
1610612745,Houston Rockets,0022400568,"JAN 15, 2025",HOU @ DEN,W,128,108,20,False,0
1610612745,Houston Rockets,0022400551,"JAN 13, 2025",HOU vs. MEM,W,120,118,2,False,0
1610612745,Houston Rockets,0022400520,"JAN 09, 2025",HOU @ MEM,W,119,115,4,False,0
1610612745,Houston Rockets,0022400503,"JAN 07, 2025",HOU @ WAS,W,135,112,23,False,0
1610612745,Houston Rockets,0022400491,"JAN 05, 2025",HOU vs. LAL,W,119,115,4,False,0
1610612745,Houston Rockets,0022400471,"JAN 03, 2025",HOU vs. BOS,L,86,109,-23,False,0
1610612745,Houston Rockets,0022400460,"JAN 01, 2025",HOU vs. DAL,W,110,99,11,False,0
1610612745,Houston Rockets,0022400439,"DEC 29, 2024",HOU vs. MIA,L,100,104,-4,False,0
1610612745,Houston Rockets,0022400422,"DEC 27, 2024",HOU vs. MIN,L,112,113,-1,False,0
1610612745,Houston Rockets,0022400416,"DEC 26, 2024",HOU @ NOP,W,128,111,17,False,0
1610612745,Houston Rockets,0022400391,"DEC 23, 2024",HOU @ CHA,W,114,101,13,False,0
1610612745,Houston Rockets,0022400388,"DEC 22, 2024",HOU @ TOR,W,114,110,4,False,0
1610612745,Houston Rockets,0022400365,"DEC 19, 2024",HOU vs. NOP,W,133,113,20,False,0
1610612745,Houston Rockets,0022401230,"DEC 14, 2024",HOU @ OKC,L,96,111,-15,False,0
1610612745,Houston Rockets,0022401204,"DEC 11, 2024",HOU vs. GSW,W,91,90,1,False,0
1610612745,Houston Rockets,0022400356,"DEC 08, 2024",HOU @ LAC,W,117,106,11,False,0
1610612745,Houston Rockets,0022400332,"DEC 05, 2024",HOU @ GSW,L,93,99,-6,False,0
1610612745,Houston Rockets,0022400059,"DEC 03, 2024",HOU @ SAC,L,111,120,-9,False,0
1610612745,Houston Rockets,0022400310,"DEC 01, 2024",HOU vs. OKC,W,119,116,3,False,0
1610612745,Houston Rockets,0022400290,"NOV 27, 2024",HOU @ PHI,W,122,115,7,True,1
1610612745,Houston Rockets,0022400037,"NOV 26, 2024",HOU @ MIN,W,117,111,6,True,1
1610612745,Houston Rockets,0022400267,"NOV 23, 2024",HOU vs. POR,L,98,104,-6,False,0
1610612745,Houston Rockets,0022400031,"NOV 22, 2024",HOU vs. POR,W,116,88,28,False,0
1610612745,Houston Rockets,0022400254,"NOV 20, 2024",HOU vs. IND,W,130,113,17,False,0
1610612745,Houston Rockets,0022400248,"NOV 18, 2024",HOU @ MIL,L,100,101,-1,False,0
1610612745,Houston Rockets,0022400241,"NOV 17, 2024",HOU @ CHI,W,143,107,36,False,0
1610612745,Houston Rockets,0022400016,"NOV 15, 2024",HOU vs. LAC,W,125,104,21,False,0
1610612745,Houston Rockets,0022400222,"NOV 13, 2024",HOU vs. LAC,W,111,103,8,False,0
1610612745,Houston Rockets,0022400213,"NOV 11, 2024",HOU vs. WAS,W,107,92,15,False,0
1610612745,Houston Rockets,0022400201,"NOV 10, 2024",HOU @ DET,W,101,99,2,False,0
1610612745,Houston Rockets,0022400192,"NOV 08, 2024",HOU @ OKC,L,107,126,-19,False,0
1610612745,Houston Rockets,0022400173,"NOV 06, 2024",HOU vs. SAS,W,127,100,27,False,0
1610612745,Houston Rockets,0022400161,"NOV 04, 2024",HOU vs. NYK,W,109,97,12,False,0
1610612745,Houston Rockets,0022400144,"NOV 02, 2024",HOU vs. GSW,L,121,127,-6,True,1
1610612745,Houston Rockets,0022400129,"OCT 31, 2024",HOU @ DAL,W,108,102,6,False,0
1610612745,Houston Rockets,0022400109,"OCT 28, 2024",HOU @ SAS,W,106,101,5,False,0
1610612745,Houston Rockets,0022400094,"OCT 26, 2024",HOU @ SAS,L,106,109,-3,False,0
1610612745,Houston Rockets,0022400082,"OCT 25, 2024",HOU vs. MEM,W,128,108,20,False,0
1610612745,Houston Rockets,0022400068,"OCT 23, 2024",HOU vs. CHA,L,105,110,-5,False,0
1610612746,Los Angeles Clippers,0022401198,"APR 13, 2025",LAC @ GSW,W,124,119,5,True,1
1610612746,Los Angeles Clippers,0022401184,"APR 11, 2025",LAC @ SAC,W,101,100,1,False,0
1610612746,Los Angeles Clippers,0022401166,"APR 09, 2025",LAC vs. HOU,W,134,117,17,False,0
1610612746,Los Angeles Clippers,0022401155,"APR 08, 2025",LAC vs. SAS,W,122,117,5,False,0
1610612746,Los Angeles Clippers,0022401132,"APR 05, 2025",LAC vs. DAL,W,135,104,31,False,0
1610612746,Los Angeles Clippers,0022401127,"APR 04, 2025",LAC vs. DAL,W,114,91,23,False,0
1610612746,Los Angeles Clippers,0022401111,"APR 02, 2025",LAC vs. NOP,W,114,98,16,False,0
1610612746,Los Angeles Clippers,0022401091,"MAR 31, 2025",LAC @ ORL,W,96,87,9,False,0
1610612746,Los Angeles Clippers,0022401081,"MAR 30, 2025",LAC @ CLE,L,122,127,-5,False,0
1610612746,Los Angeles Clippers,0022401068,"MAR 28, 2025",LAC @ BKN,W,132,100,32,False,0
1610612746,Los Angeles Clippers,0022401056,"MAR 26, 2025",LAC @ NYK,W,126,113,13,False,0
1610612746,Los Angeles Clippers,0022401036,"MAR 23, 2025",LAC vs. OKC,L,101,103,-2,False,0
1610612746,Los Angeles Clippers,0022401023,"MAR 21, 2025",LAC vs. MEM,W,128,108,20,False,0
1610612746,Los Angeles Clippers,0022400997,"MAR 18, 2025",LAC vs. CLE,W,132,119,13,False,0
1610612746,Los Angeles Clippers,0022400538,"MAR 16, 2025",LAC vs. CHA,W,123,88,35,False,0
1610612746,Los Angeles Clippers,0022400960,"MAR 14, 2025",LAC @ ATL,W,121,98,23,False,0
1610612746,Los Angeles Clippers,0022400948,"MAR 12, 2025",LAC @ MIA,W,119,104,15,False,0
1610612746,Los Angeles Clippers,0022400943,"MAR 11, 2025",LAC @ NOP,L,120,127,-7,False,0
1610612746,Los Angeles Clippers,0022400927,"MAR 09, 2025",LAC vs. SAC,W,111,110,1,True,1
1610612746,Los Angeles Clippers,0022400911,"MAR 07, 2025",LAC vs. NYK,W,105,95,10,False,0
1610612746,Los Angeles Clippers,0022400898,"MAR 05, 2025",LAC vs. DET,W,123,115,8,False,0
1610612746,Los Angeles Clippers,0022400889,"MAR 04, 2025",LAC @ PHX,L,117,119,-2,False,0
1610612746,Los Angeles Clippers,0022400874,"MAR 02, 2025",LAC @ LAL,L,102,108,-6,False,0
1610612746,Los Angeles Clippers,0022400859,"FEB 28, 2025",LAC @ LAL,L,102,106,-4,False,0
1610612746,Los Angeles Clippers,0022400842,"FEB 26, 2025",LAC @ CHI,W,122,117,5,False,0
1610612746,Los Angeles Clippers,0022400821,"FEB 24, 2025",LAC @ DET,L,97,106,-9,False,0
1610612746,Los Angeles Clippers,0022400813,"FEB 23, 2025",LAC @ IND,L,111,129,-18,False,0
1610612746,Los Angeles Clippers,0022400793,"FEB 20, 2025",LAC @ MIL,L,110,116,-6,False,0
1610612746,Los Angeles Clippers,0022401004,"FEB 13, 2025",LAC @ UTA,W,120,116,4,True,1
1610612746,Los Angeles Clippers,0022400783,"FEB 12, 2025",LAC vs. MEM,W,128,114,14,False,0
1610612746,Los Angeles Clippers,0022400751,"FEB 08, 2025",LAC vs. UTA,W,130,110,20,False,0
1610612746,Los Angeles Clippers,0022400733,"FEB 06, 2025",LAC vs. IND,L,112,119,-7,False,0
1610612746,Los Angeles Clippers,0022400715,"FEB 04, 2025",LAC vs. LAL,L,97,122,-25,False,0
1610612746,Los Angeles Clippers,0022400697,"FEB 02, 2025",LAC @ TOR,L,108,115,-7,False,0
1610612746,Los Angeles Clippers,0022400679,"JAN 31, 2025",LAC @ CHA,W,112,104,8,False,0
1610612746,Los Angeles Clippers,0022400671,"JAN 29, 2025",LAC @ SAS,W,128,116,12,False,0
1610612746,Los Angeles Clippers,0022400659,"JAN 27, 2025",LAC @ PHX,L,109,111,-2,False,0
1610612746,Los Angeles Clippers,0022400646,"JAN 25, 2025",LAC vs. MIL,W,127,117,10,False,0
1610612746,Los Angeles Clippers,0022400983,"JAN 23, 2025",LAC vs. WAS,W,110,93,17,False,0
1610612746,Los Angeles Clippers,0022400620,"JAN 22, 2025",LAC vs. BOS,L,113,117,-4,True,1
1610612746,Los Angeles Clippers,0022400611,"JAN 20, 2025",LAC vs. CHI,L,99,112,-13,False,0
1610612746,Los Angeles Clippers,0022400596,"JAN 19, 2025",LAC vs. LAL,W,116,102,14,False,0
1610612746,Los Angeles Clippers,0022400575,"JAN 16, 2025",LAC @ POR,W,118,89,29,False,0
1610612746,Los Angeles Clippers,0022400571,"JAN 15, 2025",LAC vs. BKN,W,126,67,59,False,0
1610612746,Los Angeles Clippers,0022400553,"JAN 13, 2025",LAC vs. MIA,W,109,98,11,False,0
1610612746,Los Angeles Clippers,0022400515,"JAN 08, 2025",LAC @ DEN,L,103,126,-23,False,0
1610612746,Los Angeles Clippers,0022400500,"JAN 06, 2025",LAC @ MIN,L,106,108,-2,False,0
1610612746,Los Angeles Clippers,0022400486,"JAN 04, 2025",LAC vs. ATL,W,131,105,26,False,0
1610612746,Los Angeles Clippers,0022400466,"JAN 02, 2025",LAC @ OKC,L,98,116,-18,False,0
1610612746,Los Angeles Clippers,0022400451,"DEC 31, 2024",LAC @ SAS,L,86,122,-36,False,0
1610612746,Los Angeles Clippers,0022400444,"DEC 30, 2024",LAC @ NOP,W,116,113,3,False,0
1610612746,Los Angeles Clippers,0022400426,"DEC 27, 2024",LAC vs. GSW,W,102,92,10,False,0
1610612746,Los Angeles Clippers,0022400399,"DEC 23, 2024",LAC @ MEM,W,114,110,4,False,0
1610612746,Los Angeles Clippers,0022400385,"DEC 21, 2024",LAC @ DAL,L,97,113,-16,False,0
1610612746,Los Angeles Clippers,0022400368,"DEC 19, 2024",LAC @ DAL,W,118,95,23,False,0
1610612746,Los Angeles Clippers,0022401226,"DEC 16, 2024",LAC vs. UTA,W,144,107,37,False,0
1610612746,Los Angeles Clippers,0022401213,"DEC 13, 2024",LAC @ DEN,L,98,120,-22,False,0
1610612746,Los Angeles Clippers,0022400356,"DEC 08, 2024",LAC vs. HOU,L,106,117,-11,False,0
1610612746,Los Angeles Clippers,0022400324,"DEC 04, 2024",LAC vs. MIN,L,80,108,-28,False,0
1610612746,Los Angeles Clippers,0022400060,"DEC 03, 2024",LAC vs. POR,W,127,105,22,False,0
1610612746,Los Angeles Clippers,0022400314,"DEC 01, 2024",LAC vs. DEN,W,126,122,4,False,0
1610612746,Los Angeles Clippers,0022400044,"NOV 29, 2024",LAC @ MIN,L,92,93,-1,False,0
1610612746,Los Angeles Clippers,0022400291,"NOV 27, 2024",LAC @ WAS,W,121,96,25,False,0
1610612746,Los Angeles Clippers,0022400281,"NOV 25, 2024",LAC @ BOS,L,94,126,-32,False,0
1610612746,Los Angeles Clippers,0022400274,"NOV 24, 2024",LAC @ PHI,W,125,99,26,False,0
1610612746,Los Angeles Clippers,0022400034,"NOV 22, 2024",LAC vs. SAC,W,104,88,16,False,0
1610612746,Los Angeles Clippers,0022400259,"NOV 20, 2024",LAC vs. ORL,W,104,93,11,False,0
1610612746,Los Angeles Clippers,0022400251,"NOV 18, 2024",LAC vs. GSW,W,102,99,3,False,0
1610612746,Los Angeles Clippers,0022400243,"NOV 17, 2024",LAC vs. UTA,W,116,105,11,False,0
1610612746,Los Angeles Clippers,0022400016,"NOV 15, 2024",LAC @ HOU,L,104,125,-21,False,0
1610612746,Los Angeles Clippers,0022400222,"NOV 13, 2024",LAC @ HOU,L,103,111,-8,False,0
1610612746,Los Angeles Clippers,0022400215,"NOV 11, 2024",LAC @ OKC,L,128,134,-6,False,0
1610612746,Los Angeles Clippers,0022400200,"NOV 09, 2024",LAC vs. TOR,W,105,103,2,False,0
1610612746,Los Angeles Clippers,0022400196,"NOV 08, 2024",LAC @ SAC,W,107,98,9,False,0
1610612746,Los Angeles Clippers,0022400179,"NOV 06, 2024",LAC vs. PHI,W,110,98,12,False,0
1610612746,Los Angeles Clippers,0022400168,"NOV 04, 2024",LAC vs. SAS,W,113,104,9,False,0
1610612746,Los Angeles Clippers,0022400150,"NOV 02, 2024",LAC vs. OKC,L,92,105,-13,False,0
1610612746,Los Angeles Clippers,0022400131,"OCT 31, 2024",LAC vs. PHX,L,119,125,-6,False,0
1610612746,Los Angeles Clippers,0022400127,"OCT 30, 2024",LAC vs. POR,L,105,106,-1,False,0
1610612746,Los Angeles Clippers,0022400101,"OCT 27, 2024",LAC @ GSW,W,112,104,8,False,0
1610612746,Los Angeles Clippers,0022400087,"OCT 26, 2024",LAC @ DEN,W,109,104,5,False,0
1610612746,Los Angeles Clippers,0022400071,"OCT 23, 2024",LAC vs. PHX,L,113,116,-3,True,1
1610612747,Los Angeles Lakers,0022401199,"APR 13, 2025",LAL @ POR,L,81,109,-28,False,0
1610612747,Los Angeles Lakers,0022401185,"APR 11, 2025",LAL vs. HOU,W,140,109,31,False,0
1610612747,Los Angeles Lakers,0022401159,"APR 09, 2025",LAL @ DAL,W,112,97,15,False,0
1610612747,Los Angeles Lakers,0022401153,"APR 08, 2025",LAL @ OKC,L,120,136,-16,False,0
1610612747,Los Angeles Lakers,0022401135,"APR 06, 2025",LAL @ OKC,W,126,99,27,False,0
1610612747,Los Angeles Lakers,0022401126,"APR 04, 2025",LAL vs. NOP,W,124,108,16,False,0
1610612747,Los Angeles Lakers,0022401117,"APR 03, 2025",LAL vs. GSW,L,116,123,-7,False,0
1610612747,Los Angeles Lakers,0022401096,"MAR 31, 2025",LAL vs. HOU,W,104,98,6,False,0
1610612747,Los Angeles Lakers,0022401078,"MAR 29, 2025",LAL @ MEM,W,134,127,7,False,0
1610612747,Los Angeles Lakers,0022401063,"MAR 27, 2025",LAL @ CHI,L,117,119,-2,False,0
1610612747,Los Angeles Lakers,0022401055,"MAR 26, 2025",LAL @ IND,W,120,119,1,False,0
1610612747,Los Angeles Lakers,0022401038,"MAR 24, 2025",LAL @ ORL,L,106,118,-12,False,0
1610612747,Los Angeles Lakers,0022401028,"MAR 22, 2025",LAL vs. CHI,L,115,146,-31,False,0
1610612747,Los Angeles Lakers,0022400996,"MAR 20, 2025",LAL vs. MIL,L,89,118,-29,False,0
1610612747,Los Angeles Lakers,0022401006,"MAR 19, 2025",LAL vs. DEN,W,120,108,12,False,0
1610612747,Los Angeles Lakers,0022400537,"MAR 17, 2025",LAL vs. SAS,W,125,109,16,False,0
1610612747,Los Angeles Lakers,0022400977,"MAR 16, 2025",LAL vs. PHX,W,107,96,11,False,0
1610612747,Los Angeles Lakers,0022400965,"MAR 14, 2025",LAL @ DEN,L,126,131,-5,False,0
1610612747,Los Angeles Lakers,0022400955,"MAR 13, 2025",LAL @ MIL,L,106,126,-20,False,0
1610612747,Los Angeles Lakers,0022400930,"MAR 10, 2025",LAL @ BKN,L,108,111,-3,False,0
1610612747,Los Angeles Lakers,0022400918,"MAR 08, 2025",LAL @ BOS,L,101,111,-10,False,0
1610612747,Los Angeles Lakers,0022400903,"MAR 06, 2025",LAL vs. NYK,W,113,109,4,True,1
1610612747,Los Angeles Lakers,0022400890,"MAR 04, 2025",LAL vs. NOP,W,136,115,21,False,0
1610612747,Los Angeles Lakers,0022400874,"MAR 02, 2025",LAL vs. LAC,W,108,102,6,False,0
1610612747,Los Angeles Lakers,0022400859,"FEB 28, 2025",LAL vs. LAC,W,106,102,4,False,0
1610612747,Los Angeles Lakers,0022400849,"FEB 27, 2025",LAL vs. MIN,W,111,102,9,False,0
1610612747,Los Angeles Lakers,0022400835,"FEB 25, 2025",LAL vs. DAL,W,107,99,8,False,0
1610612747,Los Angeles Lakers,0022400808,"FEB 22, 2025",LAL @ DEN,W,123,100,23,False,0
1610612747,Los Angeles Lakers,0022400796,"FEB 20, 2025",LAL @ POR,W,110,102,8,False,0
1610612747,Los Angeles Lakers,0022400524,"FEB 19, 2025",LAL vs. CHA,L,97,100,-3,False,0
1610612747,Los Angeles Lakers,0022400781,"FEB 12, 2025",LAL @ UTA,L,119,131,-12,False,0
1610612747,Los Angeles Lakers,0022400768,"FEB 10, 2025",LAL vs. UTA,W,132,113,19,False,0
1610612747,Los Angeles Lakers,0022400742,"FEB 08, 2025",LAL vs. IND,W,124,117,7,False,0
1610612747,Los Angeles Lakers,0022400731,"FEB 06, 2025",LAL vs. GSW,W,120,112,8,False,0
1610612747,Los Angeles Lakers,0022400715,"FEB 04, 2025",LAL @ LAC,W,122,97,25,False,0
1610612747,Los Angeles Lakers,0022400692,"FEB 01, 2025",LAL @ NYK,W,128,112,16,False,0
1610612747,Los Angeles Lakers,0022400674,"JAN 30, 2025",LAL @ WAS,W,134,96,38,False,0
1610612747,Los Angeles Lakers,0022400660,"JAN 28, 2025",LAL @ PHI,L,104,118,-14,False,0
1610612747,Los Angeles Lakers,0022400648,"JAN 27, 2025",LAL @ CHA,W,112,107,5,False,0
1610612747,Los Angeles Lakers,0022400644,"JAN 25, 2025",LAL @ GSW,W,118,108,10,False,0
1610612747,Los Angeles Lakers,0022400629,"JAN 23, 2025",LAL vs. BOS,W,117,96,21,False,0
1610612747,Los Angeles Lakers,0022400610,"JAN 21, 2025",LAL vs. WAS,W,111,88,23,False,0
1610612747,Los Angeles Lakers,0022400596,"JAN 19, 2025",LAL @ LAC,L,102,116,-14,False,0
1610612747,Los Angeles Lakers,0022400585,"JAN 17, 2025",LAL vs. BKN,W,102,101,1,False,0
1610612747,Los Angeles Lakers,0022400570,"JAN 15, 2025",LAL vs. MIA,W,117,108,9,False,0
1610612747,Los Angeles Lakers,0022400552,"JAN 13, 2025",LAL vs. SAS,L,102,126,-24,False,0
1610612747,Los Angeles Lakers,0022400504,"JAN 07, 2025",LAL @ DAL,L,97,118,-21,False,0
1610612747,Los Angeles Lakers,0022400491,"JAN 05, 2025",LAL @ HOU,L,115,119,-4,False,0
1610612747,Los Angeles Lakers,0022400477,"JAN 03, 2025",LAL vs. ATL,W,119,102,17,False,0
1610612747,Los Angeles Lakers,0022400468,"JAN 02, 2025",LAL vs. POR,W,114,106,8,False,0
1610612747,Los Angeles Lakers,0022400454,"DEC 31, 2024",LAL vs. CLE,L,110,122,-12,False,0
1610612747,Los Angeles Lakers,0022400435,"DEC 28, 2024",LAL vs. SAC,W,132,122,10,False,0
1610612747,Los Angeles Lakers,0022400408,"DEC 25, 2024",LAL @ GSW,W,115,113,2,False,0
1610612747,Los Angeles Lakers,0022400404,"DEC 23, 2024",LAL vs. DET,L,114,117,-3,False,0
1610612747,Los Angeles Lakers,0022400376,"DEC 21, 2024",LAL @ SAC,W,103,99,4,False,0
1610612747,Los Angeles Lakers,0022400372,"DEC 19, 2024",LAL @ SAC,W,113,100,13,False,0
1610612747,Los Angeles Lakers,0022401220,"DEC 15, 2024",LAL vs. MEM,W,116,110,6,False,0
1610612747,Los Angeles Lakers,0022401210,"DEC 13, 2024",LAL @ MIN,L,87,97,-10,False,0
1610612747,Los Angeles Lakers,0022400358,"DEC 08, 2024",LAL vs. POR,W,107,98,9,False,0
1610612747,Los Angeles Lakers,0022400334,"DEC 06, 2024",LAL @ ATL,L,132,134,-2,True,1
1610612747,Los Angeles Lakers,0022400321,"DEC 04, 2024",LAL @ MIA,L,93,134,-41,False,0
1610612747,Los Angeles Lakers,0022400318,"DEC 02, 2024",LAL @ MIN,L,80,109,-29,False,0
1610612747,Los Angeles Lakers,0022400311,"DEC 01, 2024",LAL @ UTA,W,105,104,1,False,0
1610612747,Los Angeles Lakers,0022400048,"NOV 29, 2024",LAL vs. OKC,L,93,101,-8,False,0
1610612747,Los Angeles Lakers,0022400296,"NOV 27, 2024",LAL @ SAS,W,119,101,18,False,0
1610612747,Los Angeles Lakers,0022400039,"NOV 26, 2024",LAL @ PHX,L,100,127,-27,False,0
1610612747,Los Angeles Lakers,0022400270,"NOV 23, 2024",LAL vs. DEN,L,102,127,-25,False,0
1610612747,Los Angeles Lakers,0022400263,"NOV 21, 2024",LAL vs. ORL,L,118,119,-1,False,0
1610612747,Los Angeles Lakers,0022400026,"NOV 19, 2024",LAL vs. UTA,W,124,118,6,False,0
1610612747,Los Angeles Lakers,0022400231,"NOV 16, 2024",LAL @ NOP,W,104,99,5,False,0
1610612747,Los Angeles Lakers,0022400015,"NOV 15, 2024",LAL @ SAS,W,120,115,5,False,0
1610612747,Los Angeles Lakers,0022400225,"NOV 13, 2024",LAL vs. MEM,W,128,123,5,False,0
1610612747,Los Angeles Lakers,0022400211,"NOV 10, 2024",LAL vs. TOR,W,123,103,20,False,0
1610612747,Los Angeles Lakers,0022400195,"NOV 08, 2024",LAL vs. PHI,W,116,106,10,False,0
1610612747,Los Angeles Lakers,0022400174,"NOV 06, 2024",LAL @ MEM,L,114,131,-17,False,0
1610612747,Los Angeles Lakers,0022400156,"NOV 04, 2024",LAL @ DET,L,103,115,-12,False,0
1610612747,Los Angeles Lakers,0022400137,"NOV 01, 2024",LAL @ TOR,W,131,125,6,False,0
1610612747,Los Angeles Lakers,0022400118,"OCT 30, 2024",LAL @ CLE,L,110,134,-24,False,0
1610612747,Los Angeles Lakers,0022400111,"OCT 28, 2024",LAL @ PHX,L,105,109,-4,False,0
1610612747,Los Angeles Lakers,0022400096,"OCT 26, 2024",LAL vs. SAC,W,131,127,4,False,0
1610612747,Los Angeles Lakers,0022400085,"OCT 25, 2024",LAL vs. PHX,W,123,116,7,False,0
1610612747,Los Angeles Lakers,0022400062,"OCT 22, 2024",LAL vs. MIN,W,110,103,7,False,0
1610612748,Miami Heat,0022401190,"APR 13, 2025",MIA vs. WAS,L,118,119,-1,False,0
1610612748,Miami Heat,0022401177,"APR 11, 2025",MIA @ NOP,W,153,104,49,False,0
1610612748,Miami Heat,0022401160,"APR 09, 2025",MIA @ CHI,L,111,119,-8,False,0
1610612748,Miami Heat,0022401145,"APR 07, 2025",MIA vs. PHI,W,117,105,12,False,0
1610612748,Miami Heat,0022401131,"APR 05, 2025",MIA vs. MIL,L,115,121,-6,True,1
1610612748,Miami Heat,0022401114,"APR 03, 2025",MIA vs. MEM,L,108,110,-2,False,0
1610612748,Miami Heat,0022401106,"APR 02, 2025",MIA @ BOS,W,124,103,21,False,0
1610612748,Miami Heat,0022401092,"MAR 31, 2025",MIA @ WAS,W,120,94,26,False,0
1610612748,Miami Heat,0022401076,"MAR 29, 2025",MIA @ PHI,W,118,95,23,False,0
1610612748,Miami Heat,0022401062,"MAR 27, 2025",MIA vs. ATL,W,122,112,10,False,0
1610612748,Miami Heat,0022401047,"MAR 25, 2025",MIA vs. GSW,W,112,86,26,False,0
1610612748,Miami Heat,0022401032,"MAR 23, 2025",MIA vs. CHA,W,122,105,17,False,0
1610612748,Miami Heat,0022401015,"MAR 21, 2025",MIA vs. HOU,L,98,102,-4,False,0
1610612748,Miami Heat,0022401000,"MAR 19, 2025",MIA vs. DET,L,113,116,-3,False,0
1610612748,Miami Heat,0022400984,"MAR 17, 2025",MIA @ NYK,L,95,116,-21,False,0
1610612748,Miami Heat,0022400971,"MAR 15, 2025",MIA @ MEM,L,91,125,-34,False,0
1610612748,Miami Heat,0022400958,"MAR 14, 2025",MIA vs. BOS,L,91,103,-12,False,0
1610612748,Miami Heat,0022400948,"MAR 12, 2025",MIA vs. LAC,L,104,119,-15,False,0
1610612748,Miami Heat,0022400931,"MAR 10, 2025",MIA vs. CHA,L,102,105,-3,False,0
1610612748,Miami Heat,0022400916,"MAR 08, 2025",MIA vs. CHI,L,109,114,-5,False,0
1610612748,Miami Heat,0022400907,"MAR 07, 2025",MIA vs. MIN,L,104,106,-2,False,0
1610612748,Miami Heat,0022400893,"MAR 05, 2025",MIA @ CLE,L,107,112,-5,False,0
1610612748,Miami Heat,0022400877,"MAR 03, 2025",MIA vs. WAS,W,106,90,16,False,0
1610612748,Miami Heat,0022400869,"MAR 02, 2025",MIA vs. NYK,L,112,116,-4,True,1
1610612748,Miami Heat,0022400854,"FEB 28, 2025",MIA vs. IND,W,125,120,5,False,0
1610612748,Miami Heat,0022400841,"FEB 26, 2025",MIA vs. ATL,W,131,109,22,False,0
1610612748,Miami Heat,0022400825,"FEB 24, 2025",MIA @ ATL,L,86,98,-12,False,0
1610612748,Miami Heat,0022400817,"FEB 23, 2025",MIA @ MIL,L,113,120,-7,False,0
1610612748,Miami Heat,0022400800,"FEB 21, 2025",MIA @ TOR,W,120,111,9,True,1
1610612748,Miami Heat,0022400786,"FEB 13, 2025",MIA @ DAL,L,113,118,-5,False,0
1610612748,Miami Heat,0022400778,"FEB 12, 2025",MIA @ OKC,L,101,115,-14,False,0
1610612748,Miami Heat,0022400759,"FEB 10, 2025",MIA vs. BOS,L,85,103,-18,False,0
1610612748,Miami Heat,0022400737,"FEB 07, 2025",MIA @ BKN,L,86,102,-16,False,0
1610612748,Miami Heat,0022400721,"FEB 05, 2025",MIA @ PHI,W,108,101,7,False,0
1610612748,Miami Heat,0022400714,"FEB 04, 2025",MIA @ CHI,L,124,133,-9,False,0
1610612748,Miami Heat,0022400693,"FEB 01, 2025",MIA @ SAS,W,105,103,2,False,0
1610612748,Miami Heat,0022400667,"JAN 29, 2025",MIA vs. CLE,L,106,126,-20,False,0
1610612748,Miami Heat,0022400652,"JAN 27, 2025",MIA vs. ORL,W,125,119,6,True,2
1610612748,Miami Heat,0022400636,"JAN 25, 2025",MIA @ BKN,W,106,97,9,False,0
1610612748,Miami Heat,0022400624,"JAN 23, 2025",MIA @ MIL,L,96,125,-29,False,0
1610612748,Miami Heat,0022400607,"JAN 21, 2025",MIA vs. POR,L,107,116,-9,False,0
1610612748,Miami Heat,0022400592,"JAN 19, 2025",MIA vs. SAS,W,128,107,21,False,0
1610612748,Miami Heat,0022400579,"JAN 17, 2025",MIA vs. DEN,L,113,133,-20,False,0
1610612748,Miami Heat,0022400570,"JAN 15, 2025",MIA @ LAL,L,108,117,-9,False,0
1610612748,Miami Heat,0022400553,"JAN 13, 2025",MIA @ LAC,L,98,109,-11,False,0
1610612748,Miami Heat,0022400536,"JAN 11, 2025",MIA @ POR,W,119,98,21,False,0
1610612748,Miami Heat,0022400523,"JAN 09, 2025",MIA @ UTA,W,97,92,5,False,0
1610612748,Miami Heat,0022400508,"JAN 07, 2025",MIA @ GSW,W,114,98,16,False,0
1610612748,Miami Heat,0022400501,"JAN 06, 2025",MIA @ SAC,L,118,123,-5,True,2
1610612748,Miami Heat,0022400481,"JAN 04, 2025",MIA vs. UTA,L,100,136,-36,False,0
1610612748,Miami Heat,0022400463,"JAN 02, 2025",MIA vs. IND,L,115,128,-13,False,0
1610612748,Miami Heat,0022400457,"JAN 01, 2025",MIA vs. NOP,W,119,108,11,False,0
1610612748,Miami Heat,0022400439,"DEC 29, 2024",MIA @ HOU,W,104,100,4,False,0
1610612748,Miami Heat,0022400427,"DEC 28, 2024",MIA @ ATL,L,110,120,-10,False,0
1610612748,Miami Heat,0022400411,"DEC 26, 2024",MIA @ ORL,W,89,88,1,False,0
1610612748,Miami Heat,0022400396,"DEC 23, 2024",MIA vs. BKN,W,110,95,15,False,0
1610612748,Miami Heat,0022400377,"DEC 21, 2024",MIA @ ORL,L,114,121,-7,False,0
1610612748,Miami Heat,0022400375,"DEC 20, 2024",MIA vs. OKC,L,97,104,-7,False,0
1610612748,Miami Heat,0022401221,"DEC 16, 2024",MIA @ DET,L,124,125,-1,True,1
1610612748,Miami Heat,0022401206,"DEC 12, 2024",MIA vs. TOR,W,114,104,10,False,0
1610612748,Miami Heat,0022400351,"DEC 08, 2024",MIA vs. CLE,W,122,113,9,False,0
1610612748,Miami Heat,0022400346,"DEC 07, 2024",MIA vs. PHX,W,121,111,10,False,0
1610612748,Miami Heat,0022400321,"DEC 04, 2024",MIA vs. LAL,W,134,93,41,False,0
1610612748,Miami Heat,0022400316,"DEC 02, 2024",MIA @ BOS,L,89,108,-19,False,0
1610612748,Miami Heat,0022400309,"DEC 01, 2024",MIA @ TOR,L,116,119,-3,False,0
1610612748,Miami Heat,0022400046,"NOV 29, 2024",MIA vs. TOR,W,121,111,10,False,0
1610612748,Miami Heat,0022400286,"NOV 27, 2024",MIA @ CHA,W,98,94,4,False,0
1610612748,Miami Heat,0022400036,"NOV 26, 2024",MIA vs. MIL,L,103,106,-3,False,0
1610612748,Miami Heat,0022400273,"NOV 24, 2024",MIA vs. DAL,W,123,118,5,True,1
1610612748,Miami Heat,0022400245,"NOV 18, 2024",MIA vs. PHI,W,106,89,17,False,0
1610612748,Miami Heat,0022400235,"NOV 17, 2024",MIA @ IND,L,110,119,-9,False,0
1610612748,Miami Heat,0022400009,"NOV 15, 2024",MIA @ IND,W,124,111,13,False,0
1610612748,Miami Heat,0022400002,"NOV 12, 2024",MIA @ DET,L,121,123,-2,True,1
1610612748,Miami Heat,0022400206,"NOV 10, 2024",MIA @ MIN,W,95,94,1,False,0
1610612748,Miami Heat,0022400194,"NOV 08, 2024",MIA @ DEN,L,122,135,-13,False,0
1610612748,Miami Heat,0022400178,"NOV 06, 2024",MIA @ PHX,L,112,115,-3,False,0
1610612748,Miami Heat,0022400159,"NOV 04, 2024",MIA vs. SAC,L,110,111,-1,False,0
1610612748,Miami Heat,0022400147,"NOV 02, 2024",MIA @ WAS,W,118,98,20,False,0
1610612748,Miami Heat,0022400122,"OCT 30, 2024",MIA vs. NYK,L,107,116,-9,False,0
1610612748,Miami Heat,0022400105,"OCT 28, 2024",MIA vs. DET,W,106,98,8,False,0
1610612748,Miami Heat,0022400088,"OCT 26, 2024",MIA @ CHA,W,114,106,8,False,0
1610612748,Miami Heat,0022400065,"OCT 23, 2024",MIA vs. ORL,L,97,116,-19,False,0
1610612749,Milwaukee Bucks,0022401192,"APR 13, 2025",MIL vs. DET,W,140,133,7,True,1
1610612749,Milwaukee Bucks,0022401171,"APR 11, 2025",MIL @ DET,W,125,119,6,False,0
1610612749,Milwaukee Bucks,0022401161,"APR 10, 2025",MIL vs. NOP,W,136,111,25,False,0
1610612749,Milwaukee Bucks,0022401152,"APR 08, 2025",MIL vs. MIN,W,110,103,7,False,0
1610612749,Milwaukee Bucks,0022400617,"APR 06, 2025",MIL @ NOP,W,111,107,4,False,0
1610612749,Milwaukee Bucks,0022401131,"APR 05, 2025",MIL @ MIA,W,121,115,6,True,1
1610612749,Milwaukee Bucks,0022401115,"APR 03, 2025",MIL @ PHI,W,126,113,13,False,0
1610612749,Milwaukee Bucks,0022401101,"APR 01, 2025",MIL vs. PHX,W,133,123,10,False,0
1610612749,Milwaukee Bucks,0022401083,"MAR 30, 2025",MIL vs. ATL,L,124,145,-21,False,0
1610612749,Milwaukee Bucks,0022401070,"MAR 28, 2025",MIL vs. NYK,L,107,116,-9,False,0
1610612749,Milwaukee Bucks,0022401057,"MAR 26, 2025",MIL @ DEN,L,117,127,-10,False,0
1610612749,Milwaukee Bucks,0022401043,"MAR 24, 2025",MIL @ PHX,L,106,108,-2,False,0
1610612749,Milwaukee Bucks,0022401027,"MAR 22, 2025",MIL @ SAC,W,114,108,6,False,0
1610612749,Milwaukee Bucks,0022400996,"MAR 20, 2025",MIL @ LAL,W,118,89,29,False,0
1610612749,Milwaukee Bucks,0022401012,"MAR 18, 2025",MIL @ GSW,L,93,104,-11,False,0
1610612749,Milwaukee Bucks,0022400982,"MAR 16, 2025",MIL vs. OKC,L,105,121,-16,False,0
1610612749,Milwaukee Bucks,0022400972,"MAR 15, 2025",MIL vs. IND,W,126,119,7,False,0
1610612749,Milwaukee Bucks,0022400955,"MAR 13, 2025",MIL vs. LAL,W,126,106,20,False,0
1610612749,Milwaukee Bucks,0022400942,"MAR 11, 2025",MIL @ IND,L,114,115,-1,False,0
1610612749,Milwaukee Bucks,0022400922,"MAR 09, 2025",MIL vs. CLE,L,100,112,-12,False,0
1610612749,Milwaukee Bucks,0022400917,"MAR 08, 2025",MIL vs. ORL,L,109,111,-2,False,0
1610612749,Milwaukee Bucks,0022400897,"MAR 05, 2025",MIL vs. DAL,W,137,107,30,False,0
1610612749,Milwaukee Bucks,0022400884,"MAR 04, 2025",MIL @ ATL,W,127,121,6,False,0
1610612749,Milwaukee Bucks,0022400865,"MAR 01, 2025",MIL @ DAL,W,132,117,15,False,0
1610612749,Milwaukee Bucks,0022400846,"FEB 27, 2025",MIL vs. DEN,W,121,112,9,False,0
1610612749,Milwaukee Bucks,0022400831,"FEB 25, 2025",MIL @ HOU,L,97,100,-3,False,0
1610612749,Milwaukee Bucks,0022400817,"FEB 23, 2025",MIL vs. MIA,W,120,113,7,False,0
1610612749,Milwaukee Bucks,0022400799,"FEB 21, 2025",MIL @ WAS,W,104,101,3,False,0
1610612749,Milwaukee Bucks,0022400793,"FEB 20, 2025",MIL vs. LAC,W,116,110,6,False,0
1610612749,Milwaukee Bucks,0022400776,"FEB 12, 2025",MIL @ MIN,W,103,101,2,False,0
1610612749,Milwaukee Bucks,0022400760,"FEB 10, 2025",MIL vs. GSW,L,111,125,-14,False,0
1610612749,Milwaukee Bucks,0022400754,"FEB 09, 2025",MIL vs. PHI,W,135,127,8,False,0
1610612749,Milwaukee Bucks,0022400736,"FEB 07, 2025",MIL @ ATL,L,110,115,-5,False,0
1610612749,Milwaukee Bucks,0022400717,"FEB 05, 2025",MIL @ CHA,W,112,102,10,False,0
1610612749,Milwaukee Bucks,0022400705,"FEB 03, 2025",MIL @ OKC,L,96,125,-29,False,0
1610612749,Milwaukee Bucks,0022400699,"FEB 02, 2025",MIL vs. MEM,L,119,132,-13,False,0
1610612749,Milwaukee Bucks,0022400684,"JAN 31, 2025",MIL @ SAS,L,118,144,-26,False,0
1610612749,Milwaukee Bucks,0022400662,"JAN 28, 2025",MIL @ POR,L,112,125,-13,False,0
1610612749,Milwaukee Bucks,0022400658,"JAN 27, 2025",MIL @ UTA,W,125,110,15,False,0
1610612749,Milwaukee Bucks,0022400646,"JAN 25, 2025",MIL @ LAC,L,117,127,-10,False,0
1610612749,Milwaukee Bucks,0022400624,"JAN 23, 2025",MIL vs. MIA,W,125,96,29,False,0
1610612749,Milwaukee Bucks,0022400594,"JAN 19, 2025",MIL vs. PHI,W,123,109,14,False,0
1610612749,Milwaukee Bucks,0022400580,"JAN 17, 2025",MIL vs. TOR,W,130,112,18,False,0
1610612749,Milwaukee Bucks,0022400564,"JAN 15, 2025",MIL vs. ORL,W,122,93,29,False,0
1610612749,Milwaukee Bucks,0022400558,"JAN 14, 2025",MIL vs. SAC,W,130,115,15,False,0
1610612749,Milwaukee Bucks,0022400539,"JAN 12, 2025",MIL @ NYK,L,106,140,-34,False,0
1610612749,Milwaukee Bucks,0022400526,"JAN 10, 2025",MIL @ ORL,W,109,106,3,False,0
1610612749,Milwaukee Bucks,0022400516,"JAN 08, 2025",MIL vs. SAS,W,121,105,16,False,0
1610612749,Milwaukee Bucks,0022400497,"JAN 06, 2025",MIL @ TOR,W,128,104,24,False,0
1610612749,Milwaukee Bucks,0022400483,"JAN 04, 2025",MIL vs. POR,L,102,105,-3,False,0
1610612749,Milwaukee Bucks,0022400465,"JAN 02, 2025",MIL vs. BKN,L,110,113,-3,False,0
1610612749,Milwaukee Bucks,0022400450,"DEC 31, 2024",MIL @ IND,W,120,112,8,False,0
1610612749,Milwaukee Bucks,0022400430,"DEC 28, 2024",MIL @ CHI,L,111,116,-5,False,0
1610612749,Milwaukee Bucks,0022400415,"DEC 26, 2024",MIL vs. BKN,L,105,111,-6,False,0
1610612749,Milwaukee Bucks,0022400398,"DEC 23, 2024",MIL @ CHI,W,112,91,21,False,0
1610612749,Milwaukee Bucks,0022400382,"DEC 21, 2024",MIL vs. WAS,W,112,101,11,False,0
1610612749,Milwaukee Bucks,0022400374,"DEC 20, 2024",MIL @ CLE,L,101,124,-23,False,0
1610612749,Milwaukee Bucks,0022401229,"DEC 14, 2024",MIL vs. ATL,W,110,102,8,False,0
1610612749,Milwaukee Bucks,0022401201,"DEC 10, 2024",MIL vs. ORL,W,114,109,5,False,0
1610612749,Milwaukee Bucks,0022400348,"DEC 08, 2024",MIL @ BKN,W,118,113,5,False,0
1610612749,Milwaukee Bucks,0022400335,"DEC 06, 2024",MIL @ BOS,L,105,111,-6,False,0
1610612749,Milwaukee Bucks,0022400323,"DEC 04, 2024",MIL vs. ATL,L,104,119,-15,False,0
1610612749,Milwaukee Bucks,0022400052,"DEC 03, 2024",MIL @ DET,W,128,107,21,False,0
1610612749,Milwaukee Bucks,0022400302,"NOV 30, 2024",MIL vs. WAS,W,124,114,10,False,0
1610612749,Milwaukee Bucks,0022400036,"NOV 26, 2024",MIL @ MIA,W,106,103,3,False,0
1610612749,Milwaukee Bucks,0022400268,"NOV 23, 2024",MIL vs. CHA,W,125,119,6,False,0
1610612749,Milwaukee Bucks,0022400029,"NOV 22, 2024",MIL vs. IND,W,129,117,12,False,0
1610612749,Milwaukee Bucks,0022400253,"NOV 20, 2024",MIL vs. CHI,W,122,106,16,False,0
1610612749,Milwaukee Bucks,0022400248,"NOV 18, 2024",MIL vs. HOU,W,101,100,1,False,0
1610612749,Milwaukee Bucks,0022400229,"NOV 16, 2024",MIL @ CHA,L,114,115,-1,False,0
1610612749,Milwaukee Bucks,0022400223,"NOV 13, 2024",MIL vs. DET,W,127,120,7,True,1
1610612749,Milwaukee Bucks,0022400005,"NOV 12, 2024",MIL vs. TOR,W,99,85,14,False,0
1610612749,Milwaukee Bucks,0022400202,"NOV 10, 2024",MIL vs. BOS,L,107,113,-6,False,0
1610612749,Milwaukee Bucks,0022400189,"NOV 08, 2024",MIL @ NYK,L,94,116,-22,False,0
1610612749,Milwaukee Bucks,0022400182,"NOV 07, 2024",MIL vs. UTA,W,123,100,23,False,0
1610612749,Milwaukee Bucks,0022400154,"NOV 04, 2024",MIL @ CLE,L,114,116,-2,False,0
1610612749,Milwaukee Bucks,0022400145,"NOV 02, 2024",MIL vs. CLE,L,113,114,-1,False,0
1610612749,Milwaukee Bucks,0022400128,"OCT 31, 2024",MIL @ MEM,L,99,122,-23,False,0
1610612749,Milwaukee Bucks,0022400104,"OCT 28, 2024",MIL @ BOS,L,108,119,-11,False,0
1610612749,Milwaukee Bucks,0022400098,"OCT 27, 2024",MIL @ BKN,L,102,115,-13,False,0
1610612749,Milwaukee Bucks,0022400083,"OCT 25, 2024",MIL vs. CHI,L,122,133,-11,False,0
1610612749,Milwaukee Bucks,0022400066,"OCT 23, 2024",MIL @ PHI,W,124,109,15,False,0
1610612750,Minnesota Timberwolves,0022401195,"APR 13, 2025",MIN vs. UTA,W,116,105,11,False,0
1610612750,Minnesota Timberwolves,0022401179,"APR 11, 2025",MIN vs. BKN,W,117,91,26,False,0
1610612750,Minnesota Timberwolves,0022401170,"APR 10, 2025",MIN @ MEM,W,141,125,16,False,0
1610612750,Minnesota Timberwolves,0022401152,"APR 08, 2025",MIN @ MIL,L,103,110,-7,False,0
1610612750,Minnesota Timberwolves,0022401130,"APR 05, 2025",MIN @ PHI,W,114,109,5,False,0
1610612750,Minnesota Timberwolves,0022401113,"APR 03, 2025",MIN @ BKN,W,105,90,15,False,0
1610612750,Minnesota Timberwolves,0022401102,"APR 01, 2025",MIN @ DEN,W,140,139,1,True,2
1610612750,Minnesota Timberwolves,0022401084,"MAR 30, 2025",MIN vs. DET,W,123,104,19,False,0
1610612750,Minnesota Timberwolves,0022401071,"MAR 28, 2025",MIN vs. PHX,W,124,109,15,False,0
1610612750,Minnesota Timberwolves,0022401037,"MAR 24, 2025",MIN @ IND,L,103,119,-16,False,0
1610612750,Minnesota Timberwolves,0022401016,"MAR 21, 2025",MIN vs. NOP,W,134,93,41,False,0
1610612750,Minnesota Timberwolves,0022401001,"MAR 19, 2025",MIN vs. NOP,L,115,119,-4,False,0
1610612750,Minnesota Timberwolves,0022400986,"MAR 17, 2025",MIN vs. IND,L,130,132,-2,True,1
1610612750,Minnesota Timberwolves,0022400981,"MAR 16, 2025",MIN vs. UTA,W,128,102,26,False,0
1610612750,Minnesota Timberwolves,0022400963,"MAR 14, 2025",MIN vs. ORL,W,118,111,7,False,0
1610612750,Minnesota Timberwolves,0022400952,"MAR 12, 2025",MIN @ DEN,W,115,95,20,False,0
1610612750,Minnesota Timberwolves,0022400925,"MAR 09, 2025",MIN vs. SAS,W,141,124,17,False,0
1610612750,Minnesota Timberwolves,0022400907,"MAR 07, 2025",MIN @ MIA,W,106,104,2,False,0
1610612750,Minnesota Timberwolves,0022400892,"MAR 05, 2025",MIN @ CHA,W,125,110,15,False,0
1610612750,Minnesota Timberwolves,0022400887,"MAR 04, 2025",MIN vs. PHI,W,126,112,14,False,0
1610612750,Minnesota Timberwolves,0022400873,"MAR 02, 2025",MIN @ PHX,W,116,98,18,False,0
1610612750,Minnesota Timberwolves,0022400858,"FEB 28, 2025",MIN @ UTA,L,116,117,-1,False,0
1610612750,Minnesota Timberwolves,0022400849,"FEB 27, 2025",MIN @ LAL,L,102,111,-9,False,0
1610612750,Minnesota Timberwolves,0022400826,"FEB 24, 2025",MIN @ OKC,W,131,128,3,True,1
1610612750,Minnesota Timberwolves,0022400820,"FEB 23, 2025",MIN vs. OKC,L,123,130,-7,False,0
1610612750,Minnesota Timberwolves,0022400801,"FEB 21, 2025",MIN @ HOU,L,115,121,-6,False,0
1610612750,Minnesota Timberwolves,0022400787,"FEB 13, 2025",MIN vs. OKC,W,116,101,15,False,0
1610612750,Minnesota Timberwolves,0022400776,"FEB 12, 2025",MIN vs. MIL,L,101,103,-2,False,0
1610612750,Minnesota Timberwolves,0022400755,"FEB 10, 2025",MIN @ CLE,L,107,128,-21,False,0
1610612750,Minnesota Timberwolves,0022400747,"FEB 08, 2025",MIN vs. POR,W,114,98,16,False,0
1610612750,Minnesota Timberwolves,0022400729,"FEB 06, 2025",MIN vs. HOU,W,127,114,13,False,0
1610612750,Minnesota Timberwolves,0022400723,"FEB 05, 2025",MIN vs. CHI,W,127,108,19,False,0
1610612750,Minnesota Timberwolves,0022400704,"FEB 03, 2025",MIN vs. SAC,L,114,116,-2,False,0
1610612750,Minnesota Timberwolves,0022400690,"FEB 01, 2025",MIN vs. WAS,L,103,105,-2,False,0
1610612750,Minnesota Timberwolves,0022400677,"JAN 30, 2025",MIN @ UTA,W,138,113,25,False,0
1610612750,Minnesota Timberwolves,0022400672,"JAN 29, 2025",MIN @ PHX,W,121,113,8,False,0
1610612750,Minnesota Timberwolves,0022400656,"JAN 27, 2025",MIN vs. ATL,W,100,92,8,False,0
1610612750,Minnesota Timberwolves,0022400634,"JAN 25, 2025",MIN vs. DEN,W,133,104,29,False,0
1610612750,Minnesota Timberwolves,0022400614,"JAN 22, 2025",MIN @ DAL,W,115,114,1,False,0
1610612750,Minnesota Timberwolves,0022400601,"JAN 20, 2025",MIN @ MEM,L,106,108,-2,False,0
1610612750,Minnesota Timberwolves,0022400590,"JAN 18, 2025",MIN vs. CLE,L,117,124,-7,False,0
1610612750,Minnesota Timberwolves,0022400578,"JAN 17, 2025",MIN @ NYK,W,116,99,17,False,0
1610612750,Minnesota Timberwolves,0022400565,"JAN 15, 2025",MIN vs. GSW,L,115,116,-1,False,0
1610612750,Minnesota Timberwolves,0022400548,"JAN 13, 2025",MIN @ WAS,W,120,106,14,False,0
1610612750,Minnesota Timberwolves,0022400535,"JAN 11, 2025",MIN vs. MEM,L,125,127,-2,False,0
1610612750,Minnesota Timberwolves,0022400519,"JAN 09, 2025",MIN @ ORL,W,104,89,15,False,0
1610612750,Minnesota Timberwolves,0022400505,"JAN 07, 2025",MIN @ NOP,W,104,97,7,False,0
1610612750,Minnesota Timberwolves,0022400500,"JAN 06, 2025",MIN vs. LAC,W,108,106,2,False,0
1610612750,Minnesota Timberwolves,0022400479,"JAN 04, 2025",MIN @ DET,L,105,119,-14,False,0
1610612750,Minnesota Timberwolves,0022400464,"JAN 02, 2025",MIN vs. BOS,L,115,118,-3,False,0
1610612750,Minnesota Timberwolves,0022400452,"DEC 31, 2024",MIN @ OKC,L,105,113,-8,False,0
1610612750,Minnesota Timberwolves,0022400441,"DEC 29, 2024",MIN vs. SAS,W,112,110,2,False,0
1610612750,Minnesota Timberwolves,0022400422,"DEC 27, 2024",MIN @ HOU,W,113,112,1,False,0
1610612750,Minnesota Timberwolves,0022400406,"DEC 25, 2024",MIN @ DAL,W,105,99,6,False,0
1610612750,Minnesota Timberwolves,0022400395,"DEC 23, 2024",MIN @ ATL,L,104,117,-13,False,0
1610612750,Minnesota Timberwolves,0022400383,"DEC 21, 2024",MIN vs. GSW,L,103,113,-10,False,0
1610612750,Minnesota Timberwolves,0022400367,"DEC 19, 2024",MIN vs. NYK,L,107,133,-26,False,0
1610612750,Minnesota Timberwolves,0022401218,"DEC 15, 2024",MIN @ SAS,W,106,92,14,False,0
1610612750,Minnesota Timberwolves,0022401210,"DEC 13, 2024",MIN vs. LAL,W,97,87,10,False,0
1610612750,Minnesota Timberwolves,0022400355,"DEC 08, 2024",MIN @ GSW,L,106,114,-8,False,0
1610612750,Minnesota Timberwolves,0022400338,"DEC 06, 2024",MIN @ GSW,W,107,90,17,False,0
1610612750,Minnesota Timberwolves,0022400324,"DEC 04, 2024",MIN @ LAC,W,108,80,28,False,0
1610612750,Minnesota Timberwolves,0022400318,"DEC 02, 2024",MIN vs. LAL,W,109,80,29,False,0
1610612750,Minnesota Timberwolves,0022400044,"NOV 29, 2024",MIN vs. LAC,W,93,92,1,False,0
1610612750,Minnesota Timberwolves,0022400294,"NOV 27, 2024",MIN vs. SAC,L,104,115,-11,False,0
1610612750,Minnesota Timberwolves,0022400037,"NOV 26, 2024",MIN vs. HOU,L,111,117,-6,True,1
1610612750,Minnesota Timberwolves,0022400271,"NOV 24, 2024",MIN @ BOS,L,105,107,-2,False,0
1610612750,Minnesota Timberwolves,0022400261,"NOV 21, 2024",MIN @ TOR,L,105,110,-5,False,0
1610612750,Minnesota Timberwolves,0022400234,"NOV 17, 2024",MIN vs. PHX,W,120,117,3,False,0
1610612750,Minnesota Timberwolves,0022400020,"NOV 15, 2024",MIN @ SAC,W,130,126,4,True,1
1610612750,Minnesota Timberwolves,0022400226,"NOV 13, 2024",MIN @ POR,L,98,106,-8,False,0
1610612750,Minnesota Timberwolves,0022400008,"NOV 12, 2024",MIN @ POR,L,108,122,-14,False,0
1610612750,Minnesota Timberwolves,0022400206,"NOV 10, 2024",MIN vs. MIA,L,94,95,-1,False,0
1610612750,Minnesota Timberwolves,0022400193,"NOV 08, 2024",MIN vs. POR,W,127,102,25,False,0
1610612750,Minnesota Timberwolves,0022400181,"NOV 07, 2024",MIN @ CHI,W,135,119,16,False,0
1610612750,Minnesota Timberwolves,0022400162,"NOV 04, 2024",MIN vs. CHA,W,114,93,21,False,0
1610612750,Minnesota Timberwolves,0022400146,"NOV 02, 2024",MIN @ SAS,L,103,113,-10,False,0
1610612750,Minnesota Timberwolves,0022400139,"NOV 01, 2024",MIN vs. DEN,W,119,116,3,False,0
1610612750,Minnesota Timberwolves,0022400114,"OCT 29, 2024",MIN vs. DAL,L,114,120,-6,False,0
1610612750,Minnesota Timberwolves,0022400093,"OCT 26, 2024",MIN vs. TOR,W,112,101,11,False,0
1610612750,Minnesota Timberwolves,0022400076,"OCT 24, 2024",MIN @ SAC,W,117,115,2,False,0
1610612750,Minnesota Timberwolves,0022400062,"OCT 22, 2024",MIN @ LAL,L,103,110,-7,False,0
1610612751,Brooklyn Nets,0022401188,"APR 13, 2025",BKN vs. NYK,L,105,113,-8,False,0
1610612751,Brooklyn Nets,0022401179,"APR 11, 2025",BKN @ MIN,L,91,117,-26,False,0
1610612751,Brooklyn Nets,0022401169,"APR 10, 2025",BKN vs. ATL,L,109,133,-24,False,0
1610612751,Brooklyn Nets,0022401150,"APR 08, 2025",BKN vs. NOP,W,119,114,5,False,0
1610612751,Brooklyn Nets,0022401134,"APR 06, 2025",BKN vs. TOR,L,109,120,-11,False,0
1610612751,Brooklyn Nets,0022401113,"APR 03, 2025",BKN vs. MIN,L,90,105,-15,False,0
1610612751,Brooklyn Nets,0022401095,"MAR 31, 2025",BKN @ DAL,W,113,109,4,False,0
1610612751,Brooklyn Nets,0022401075,"MAR 29, 2025",BKN @ WAS,W,115,112,3,False,0
1610612751,Brooklyn Nets,0022401068,"MAR 28, 2025",BKN vs. LAC,L,100,132,-32,False,0
1610612751,Brooklyn Nets,0022401054,"MAR 26, 2025",BKN vs. TOR,L,86,116,-30,False,0
1610612751,Brooklyn Nets,0022401040,"MAR 24, 2025",BKN vs. DAL,L,101,120,-19,False,0
1610612751,Brooklyn Nets,0022401024,"MAR 22, 2025",BKN @ IND,L,103,108,-5,False,0
1610612751,Brooklyn Nets,0022401011,"MAR 20, 2025",BKN @ IND,L,99,105,-6,True,1
1610612751,Brooklyn Nets,0022400994,"MAR 18, 2025",BKN @ BOS,L,96,104,-8,False,0
1610612751,Brooklyn Nets,0022400978,"MAR 16, 2025",BKN vs. ATL,W,122,114,8,False,0
1610612751,Brooklyn Nets,0022400968,"MAR 15, 2025",BKN vs. BOS,L,113,115,-2,False,0
1610612751,Brooklyn Nets,0022400956,"MAR 13, 2025",BKN @ CHI,L,110,116,-6,False,0
1610612751,Brooklyn Nets,0022400940,"MAR 11, 2025",BKN @ CLE,L,104,109,-5,False,0
1610612751,Brooklyn Nets,0022400930,"MAR 10, 2025",BKN vs. LAL,W,111,108,3,False,0
1610612751,Brooklyn Nets,0022400912,"MAR 08, 2025",BKN @ CHA,L,102,105,-3,False,0
1610612751,Brooklyn Nets,0022400901,"MAR 06, 2025",BKN vs. GSW,L,119,121,-2,False,0
1610612751,Brooklyn Nets,0022400888,"MAR 04, 2025",BKN @ SAS,L,113,127,-14,False,0
1610612751,Brooklyn Nets,0022400861,"MAR 01, 2025",BKN @ DET,L,94,115,-21,False,0
1610612751,Brooklyn Nets,0022400853,"FEB 28, 2025",BKN vs. POR,L,102,121,-19,False,0
1610612751,Brooklyn Nets,0022400840,"FEB 26, 2025",BKN vs. OKC,L,121,129,-8,False,0
1610612751,Brooklyn Nets,0022400824,"FEB 24, 2025",BKN @ WAS,L,99,107,-8,False,0
1610612751,Brooklyn Nets,0022400807,"FEB 22, 2025",BKN @ PHI,W,105,103,2,False,0
1610612751,Brooklyn Nets,0022400791,"FEB 20, 2025",BKN vs. CLE,L,97,110,-13,False,0
1610612751,Brooklyn Nets,0022400772,"FEB 12, 2025",BKN vs. PHI,W,100,96,4,False,0
1610612751,Brooklyn Nets,0022400758,"FEB 10, 2025",BKN vs. CHA,W,97,89,8,False,0
1610612751,Brooklyn Nets,0022400737,"FEB 07, 2025",BKN vs. MIA,W,102,86,16,False,0
1610612751,Brooklyn Nets,0022400720,"FEB 05, 2025",BKN vs. WAS,L,102,119,-17,False,0
1610612751,Brooklyn Nets,0022400711,"FEB 04, 2025",BKN vs. HOU,W,99,97,2,False,0
1610612751,Brooklyn Nets,0022400689,"FEB 01, 2025",BKN @ HOU,W,110,98,12,False,0
1610612751,Brooklyn Nets,0022400663,"JAN 29, 2025",BKN @ CHA,W,104,83,21,False,0
1610612751,Brooklyn Nets,0022400651,"JAN 27, 2025",BKN vs. SAC,L,96,110,-14,False,0
1610612751,Brooklyn Nets,0022400636,"JAN 25, 2025",BKN vs. MIA,L,97,106,-9,False,0
1610612751,Brooklyn Nets,0022400613,"JAN 22, 2025",BKN vs. PHX,L,84,108,-24,False,0
1610612751,Brooklyn Nets,0022400606,"JAN 21, 2025",BKN vs. NYK,L,95,99,-4,False,0
1610612751,Brooklyn Nets,0022400595,"JAN 19, 2025",BKN @ OKC,L,101,127,-26,False,0
1610612751,Brooklyn Nets,0022400585,"JAN 17, 2025",BKN @ LAL,L,101,102,-1,False,0
1610612751,Brooklyn Nets,0022400571,"JAN 15, 2025",BKN @ LAC,L,67,126,-59,False,0
1610612751,Brooklyn Nets,0022400560,"JAN 14, 2025",BKN @ POR,W,132,114,18,False,0
1610612751,Brooklyn Nets,0022400546,"JAN 12, 2025",BKN @ UTA,L,111,112,-1,True,1
1610612751,Brooklyn Nets,0022400531,"JAN 10, 2025",BKN @ DEN,L,105,124,-19,False,0
1610612751,Brooklyn Nets,0022400513,"JAN 08, 2025",BKN vs. DET,L,98,113,-15,False,0
1610612751,Brooklyn Nets,0022400495,"JAN 06, 2025",BKN vs. IND,L,99,113,-14,False,0
1610612751,Brooklyn Nets,0022400478,"JAN 04, 2025",BKN vs. PHI,L,94,123,-29,False,0
1610612751,Brooklyn Nets,0022400465,"JAN 02, 2025",BKN @ MIL,W,113,110,3,False,0
1610612751,Brooklyn Nets,0022400459,"JAN 01, 2025",BKN @ TOR,L,113,130,-17,False,0
1610612751,Brooklyn Nets,0022400436,"DEC 29, 2024",BKN @ ORL,L,101,102,-1,False,0
1610612751,Brooklyn Nets,0022400421,"DEC 27, 2024",BKN vs. SAS,L,87,96,-9,False,0
1610612751,Brooklyn Nets,0022400415,"DEC 26, 2024",BKN @ MIL,W,111,105,6,False,0
1610612751,Brooklyn Nets,0022400396,"DEC 23, 2024",BKN @ MIA,L,95,110,-15,False,0
1610612751,Brooklyn Nets,0022400379,"DEC 21, 2024",BKN vs. UTA,L,94,105,-11,False,0
1610612751,Brooklyn Nets,0022400364,"DEC 19, 2024",BKN @ TOR,W,101,94,7,False,0
1610612751,Brooklyn Nets,0022401224,"DEC 16, 2024",BKN vs. CLE,L,101,130,-29,False,0
1610612751,Brooklyn Nets,0022401211,"DEC 13, 2024",BKN @ MEM,L,119,135,-16,False,0
1610612751,Brooklyn Nets,0022400348,"DEC 08, 2024",BKN vs. MIL,L,113,118,-5,False,0
1610612751,Brooklyn Nets,0022400320,"DEC 04, 2024",BKN vs. IND,W,99,90,9,False,0
1610612751,Brooklyn Nets,0022400317,"DEC 02, 2024",BKN @ CHI,L,102,128,-26,False,0
1610612751,Brooklyn Nets,0022400305,"DEC 01, 2024",BKN vs. ORL,L,92,100,-8,False,0
1610612751,Brooklyn Nets,0022400043,"NOV 29, 2024",BKN vs. ORL,L,100,123,-23,False,0
1610612751,Brooklyn Nets,0022400297,"NOV 27, 2024",BKN @ PHX,W,127,117,10,False,0
1610612751,Brooklyn Nets,0022400284,"NOV 25, 2024",BKN @ GSW,W,128,120,8,False,0
1610612751,Brooklyn Nets,0022400276,"NOV 24, 2024",BKN @ SAC,W,108,103,5,False,0
1610612751,Brooklyn Nets,0022400027,"NOV 22, 2024",BKN @ PHI,L,98,113,-15,False,0
1610612751,Brooklyn Nets,0022400022,"NOV 19, 2024",BKN vs. CHA,W,116,115,1,False,0
1610612751,Brooklyn Nets,0022400240,"NOV 17, 2024",BKN @ NYK,L,104,114,-10,False,0
1610612751,Brooklyn Nets,0022400014,"NOV 15, 2024",BKN @ NYK,L,122,124,-2,False,0
1610612751,Brooklyn Nets,0022400218,"NOV 13, 2024",BKN vs. BOS,L,114,139,-25,False,0
1610612751,Brooklyn Nets,0022400214,"NOV 11, 2024",BKN @ NOP,W,107,105,2,False,0
1610612751,Brooklyn Nets,0022400199,"NOV 09, 2024",BKN @ CLE,L,100,105,-5,False,0
1610612751,Brooklyn Nets,0022400187,"NOV 08, 2024",BKN @ BOS,L,104,108,-4,True,1
1610612751,Brooklyn Nets,0022400158,"NOV 04, 2024",BKN vs. MEM,W,106,104,2,False,0
1610612751,Brooklyn Nets,0022400151,"NOV 03, 2024",BKN vs. DET,L,92,106,-14,False,0
1610612751,Brooklyn Nets,0022400136,"NOV 01, 2024",BKN vs. CHI,W,120,112,8,False,0
1610612751,Brooklyn Nets,0022400124,"OCT 30, 2024",BKN @ MEM,W,119,106,13,False,0
1610612751,Brooklyn Nets,0022400113,"OCT 29, 2024",BKN vs. DEN,L,139,144,-5,True,1
1610612751,Brooklyn Nets,0022400098,"OCT 27, 2024",BKN vs. MIL,W,115,102,13,False,0
1610612751,Brooklyn Nets,0022400077,"OCT 25, 2024",BKN @ ORL,L,101,116,-15,False,0
1610612751,Brooklyn Nets,0022400064,"OCT 23, 2024",BKN @ ATL,L,116,120,-4,False,0
1610612752,New York Knicks,0022401188,"APR 13, 2025",NYK @ BKN,W,113,105,8,False,0
1610612752,New York Knicks,0022401175,"APR 11, 2025",NYK vs. CLE,L,102,108,-6,False,0
1610612752,New York Knicks,0022401167,"APR 10, 2025",NYK @ DET,L,106,115,-9,False,0
1610612752,New York Knicks,0022401151,"APR 08, 2025",NYK vs. BOS,L,117,119,-2,True,1
1610612752,New York Knicks,0022401140,"APR 06, 2025",NYK vs. PHX,W,112,98,14,False,0
1610612752,New York Knicks,0022401128,"APR 05, 2025",NYK @ ATL,W,121,105,16,False,0
1610612752,New York Knicks,0022401103,"APR 02, 2025",NYK @ CLE,L,105,124,-19,False,0
1610612752,New York Knicks,0022401098,"APR 01, 2025",NYK vs. PHI,W,105,91,14,False,0
1610612752,New York Knicks,0022401082,"MAR 30, 2025",NYK vs. POR,W,110,93,17,False,0
1610612752,New York Knicks,0022401070,"MAR 28, 2025",NYK @ MIL,W,116,107,9,False,0
1610612752,New York Knicks,0022401056,"MAR 26, 2025",NYK vs. LAC,L,113,126,-13,False,0
1610612752,New York Knicks,0022401048,"MAR 25, 2025",NYK vs. DAL,W,128,113,15,False,0
1610612752,New York Knicks,0022401026,"MAR 22, 2025",NYK vs. WAS,W,122,103,19,False,0
1610612752,New York Knicks,0022401010,"MAR 20, 2025",NYK @ CHA,L,98,115,-17,False,0
1610612752,New York Knicks,0022401003,"MAR 19, 2025",NYK @ SAS,L,105,120,-15,False,0
1610612752,New York Knicks,0022400984,"MAR 17, 2025",NYK vs. MIA,W,116,95,21,False,0
1610612752,New York Knicks,0022400974,"MAR 15, 2025",NYK @ GSW,L,94,97,-3,False,0
1610612752,New York Knicks,0022400953,"MAR 12, 2025",NYK @ POR,W,114,113,1,True,1
1610612752,New York Knicks,0022400939,"MAR 10, 2025",NYK @ SAC,W,133,104,29,False,0
1610612752,New York Knicks,0022400911,"MAR 07, 2025",NYK @ LAC,L,95,105,-10,False,0
1610612752,New York Knicks,0022400903,"MAR 06, 2025",NYK @ LAL,L,109,113,-4,True,1
1610612752,New York Knicks,0022400885,"MAR 04, 2025",NYK vs. GSW,L,102,114,-12,False,0
1610612752,New York Knicks,0022400869,"MAR 02, 2025",NYK @ MIA,W,116,112,4,True,1
1610612752,New York Knicks,0022400856,"FEB 28, 2025",NYK @ MEM,W,114,113,1,False,0
1610612752,New York Knicks,0022400838,"FEB 26, 2025",NYK vs. PHI,W,110,105,5,False,0
1610612752,New York Knicks,0022400811,"FEB 23, 2025",NYK @ BOS,L,105,118,-13,False,0
1610612752,New York Knicks,0022400797,"FEB 21, 2025",NYK @ CLE,L,105,142,-37,False,0
1610612752,New York Knicks,0022400792,"FEB 20, 2025",NYK vs. CHI,W,113,111,2,True,1
1610612752,New York Knicks,0022400773,"FEB 12, 2025",NYK vs. ATL,W,149,148,1,True,1
1610612752,New York Knicks,0022400765,"FEB 11, 2025",NYK @ IND,W,128,115,13,False,0
1610612752,New York Knicks,0022400748,"FEB 08, 2025",NYK vs. BOS,L,104,131,-27,False,0
1610612752,New York Knicks,0022400713,"FEB 04, 2025",NYK @ TOR,W,121,115,6,False,0
1610612752,New York Knicks,0022400702,"FEB 03, 2025",NYK vs. HOU,W,124,118,6,False,0
1610612752,New York Knicks,0022400692,"FEB 01, 2025",NYK vs. LAL,L,112,128,-16,False,0
1610612752,New York Knicks,0022400668,"JAN 29, 2025",NYK vs. DEN,W,122,112,10,False,0
1610612752,New York Knicks,0022400653,"JAN 27, 2025",NYK vs. MEM,W,143,106,37,False,0
1610612752,New York Knicks,0022400641,"JAN 25, 2025",NYK vs. SAC,W,143,120,23,False,0
1610612752,New York Knicks,0022400606,"JAN 21, 2025",NYK @ BKN,W,99,95,4,False,0
1610612752,New York Knicks,0022400602,"JAN 20, 2025",NYK vs. ATL,W,119,110,9,False,0
1610612752,New York Knicks,0022400578,"JAN 17, 2025",NYK vs. MIN,L,99,116,-17,False,0
1610612752,New York Knicks,0022400561,"JAN 15, 2025",NYK @ PHI,W,125,119,6,True,1
1610612752,New York Knicks,0022400549,"JAN 13, 2025",NYK vs. DET,L,119,124,-5,False,0
1610612752,New York Knicks,0022400539,"JAN 12, 2025",NYK vs. MIL,W,140,106,34,False,0
1610612752,New York Knicks,0022400529,"JAN 10, 2025",NYK vs. OKC,L,101,126,-25,False,0
1610612752,New York Knicks,0022400511,"JAN 08, 2025",NYK vs. TOR,W,112,98,14,False,0
1610612752,New York Knicks,0022400496,"JAN 06, 2025",NYK vs. ORL,L,94,103,-9,False,0
1610612752,New York Knicks,0022400482,"JAN 04, 2025",NYK @ CHI,L,126,139,-13,False,0
1610612752,New York Knicks,0022400473,"JAN 03, 2025",NYK @ OKC,L,107,117,-10,False,0
1610612752,New York Knicks,0022400458,"JAN 01, 2025",NYK vs. UTA,W,119,103,16,False,0
1610612752,New York Knicks,0022400443,"DEC 30, 2024",NYK @ WAS,W,126,106,20,False,0
1610612752,New York Knicks,0022400429,"DEC 28, 2024",NYK @ WAS,W,136,132,4,True,1
1610612752,New York Knicks,0022400419,"DEC 27, 2024",NYK @ ORL,W,108,85,23,False,0
1610612752,New York Knicks,0022400405,"DEC 25, 2024",NYK vs. SAS,W,117,114,3,False,0
1610612752,New York Knicks,0022400397,"DEC 23, 2024",NYK vs. TOR,W,139,125,14,False,0
1610612752,New York Knicks,0022400384,"DEC 21, 2024",NYK @ NOP,W,104,93,11,False,0
1610612752,New York Knicks,0022400367,"DEC 19, 2024",NYK @ MIN,W,133,107,26,False,0
1610612752,New York Knicks,0022401227,"DEC 15, 2024",NYK @ ORL,W,100,91,9,False,0
1610612752,New York Knicks,0022401202,"DEC 11, 2024",NYK vs. ATL,L,100,108,-8,False,0
1610612752,New York Knicks,0022400359,"DEC 09, 2024",NYK @ TOR,W,113,108,5,False,0
1610612752,New York Knicks,0022400343,"DEC 07, 2024",NYK vs. DET,L,111,120,-9,False,0
1610612752,New York Knicks,0022400327,"DEC 05, 2024",NYK vs. CHA,W,125,101,24,False,0
1610612752,New York Knicks,0022400053,"DEC 03, 2024",NYK vs. ORL,W,121,106,15,False,0
1610612752,New York Knicks,0022400308,"DEC 01, 2024",NYK vs. NOP,W,118,85,33,False,0
1610612752,New York Knicks,0022400040,"NOV 29, 2024",NYK @ CHA,W,99,98,1,False,0
1610612752,New York Knicks,0022400292,"NOV 27, 2024",NYK @ DAL,L,114,129,-15,False,0
1610612752,New York Knicks,0022400283,"NOV 25, 2024",NYK @ DEN,W,145,118,27,False,0
1610612752,New York Knicks,0022400264,"NOV 23, 2024",NYK @ UTA,L,106,121,-15,False,0
1610612752,New York Knicks,0022400257,"NOV 20, 2024",NYK @ PHX,W,138,122,16,False,0
1610612752,New York Knicks,0022400246,"NOV 18, 2024",NYK vs. WAS,W,134,106,28,False,0
1610612752,New York Knicks,0022400240,"NOV 17, 2024",NYK vs. BKN,W,114,104,10,False,0
1610612752,New York Knicks,0022400014,"NOV 15, 2024",NYK vs. BKN,W,124,122,2,False,0
1610612752,New York Knicks,0022400219,"NOV 13, 2024",NYK vs. CHI,L,123,124,-1,False,0
1610612752,New York Knicks,0022400004,"NOV 12, 2024",NYK @ PHI,W,111,99,12,False,0
1610612752,New York Knicks,0022400203,"NOV 10, 2024",NYK @ IND,L,121,132,-11,False,0
1610612752,New York Knicks,0022400189,"NOV 08, 2024",NYK vs. MIL,W,116,94,22,False,0
1610612752,New York Knicks,0022400171,"NOV 06, 2024",NYK @ ATL,L,116,121,-5,False,0
1610612752,New York Knicks,0022400161,"NOV 04, 2024",NYK @ HOU,L,97,109,-12,False,0
1610612752,New York Knicks,0022400134,"NOV 01, 2024",NYK @ DET,W,128,98,30,False,0
1610612752,New York Knicks,0022400122,"OCT 30, 2024",NYK @ MIA,W,116,107,9,False,0
1610612752,New York Knicks,0022400106,"OCT 28, 2024",NYK vs. CLE,L,104,110,-6,False,0
1610612752,New York Knicks,0022400081,"OCT 25, 2024",NYK vs. IND,W,123,98,25,False,0
1610612752,New York Knicks,0022400061,"OCT 22, 2024",NYK @ BOS,L,109,132,-23,False,0
1610612753,Orlando Magic,0022401186,"APR 13, 2025",ORL @ ATL,L,105,117,-12,False,0
1610612753,Orlando Magic,0022401172,"APR 11, 2025",ORL @ IND,W,129,115,14,False,0
1610612753,Orlando Magic,0022401156,"APR 09, 2025",ORL vs. BOS,W,96,76,20,False,0
1610612753,Orlando Magic,0022401149,"APR 08, 2025",ORL vs. ATL,W,119,112,7,False,0
1610612753,Orlando Magic,0022401112,"APR 03, 2025",ORL @ WAS,W,109,97,12,False,0
1610612753,Orlando Magic,0022400988,"APR 01, 2025",ORL @ SAS,W,116,105,11,False,0
1610612753,Orlando Magic,0022401091,"MAR 31, 2025",ORL vs. LAC,L,87,96,-9,False,0
1610612753,Orlando Magic,0022401074,"MAR 29, 2025",ORL vs. SAC,W,121,91,30,False,0
1610612753,Orlando Magic,0022401060,"MAR 27, 2025",ORL vs. DAL,L,92,101,-9,False,0
1610612753,Orlando Magic,0022401045,"MAR 25, 2025",ORL @ CHA,W,111,104,7,False,0
1610612753,Orlando Magic,0022401038,"MAR 24, 2025",ORL vs. LAL,W,118,106,12,False,0
1610612753,Orlando Magic,0022401014,"MAR 21, 2025",ORL @ WAS,W,120,105,15,False,0
1610612753,Orlando Magic,0022400999,"MAR 19, 2025",ORL vs. HOU,L,108,116,-8,False,0
1610612753,Orlando Magic,0022400979,"MAR 16, 2025",ORL @ CLE,W,108,103,5,False,0
1610612753,Orlando Magic,0022400963,"MAR 14, 2025",ORL @ MIN,L,111,118,-7,False,0
1610612753,Orlando Magic,0022401141,"MAR 13, 2025",ORL @ NOP,W,113,93,20,False,0
1610612753,Orlando Magic,0022400934,"MAR 10, 2025",ORL @ HOU,L,84,97,-13,False,0
1610612753,Orlando Magic,0022400917,"MAR 08, 2025",ORL @ MIL,W,111,109,2,False,0
1610612753,Orlando Magic,0022400944,"MAR 06, 2025",ORL vs. CHI,L,123,125,-2,False,0
1610612753,Orlando Magic,0022400883,"MAR 04, 2025",ORL vs. TOR,L,113,114,-1,False,0
1610612753,Orlando Magic,0022400870,"MAR 02, 2025",ORL vs. TOR,L,102,104,-2,False,0
1610612753,Orlando Magic,0022400845,"FEB 27, 2025",ORL vs. GSW,L,115,121,-6,False,0
1610612753,Orlando Magic,0022400830,"FEB 25, 2025",ORL vs. CLE,L,82,122,-40,False,0
1610612753,Orlando Magic,0022400815,"FEB 23, 2025",ORL vs. WAS,W,110,90,20,False,0
1610612753,Orlando Magic,0022400798,"FEB 21, 2025",ORL vs. MEM,L,104,105,-1,False,0
1610612753,Orlando Magic,0022400790,"FEB 20, 2025",ORL @ ATL,W,114,108,6,False,0
1610612753,Orlando Magic,0022400770,"FEB 12, 2025",ORL vs. CHA,W,102,86,16,False,0
1610612753,Orlando Magic,0022400756,"FEB 10, 2025",ORL vs. ATL,L,106,112,-6,False,0
1610612753,Orlando Magic,0022400743,"FEB 08, 2025",ORL vs. SAS,W,112,111,1,False,0
1610612753,Orlando Magic,0022400730,"FEB 06, 2025",ORL @ DEN,L,90,112,-22,False,0
1610612753,Orlando Magic,0022400727,"FEB 05, 2025",ORL @ SAC,W,130,111,19,False,0
1610612753,Orlando Magic,0022400708,"FEB 03, 2025",ORL @ GSW,L,99,104,-5,False,0
1610612753,Orlando Magic,0022400687,"FEB 01, 2025",ORL @ UTA,L,99,113,-14,False,0
1610612753,Orlando Magic,0022400678,"JAN 30, 2025",ORL @ POR,L,90,119,-29,False,0
1610612753,Orlando Magic,0022400652,"JAN 27, 2025",ORL @ MIA,L,119,125,-6,True,2
1610612753,Orlando Magic,0022400638,"JAN 25, 2025",ORL vs. DET,W,121,113,8,False,0
1610612753,Orlando Magic,0022400622,"JAN 23, 2025",ORL vs. POR,L,79,101,-22,False,0
1610612753,Orlando Magic,0022400608,"JAN 21, 2025",ORL @ TOR,L,93,109,-16,False,0
1610612753,Orlando Magic,0022400593,"JAN 19, 2025",ORL vs. DEN,L,100,113,-13,False,0
1610612753,Orlando Magic,0022400577,"JAN 17, 2025",ORL @ BOS,L,94,121,-27,False,0
1610612753,Orlando Magic,0022400564,"JAN 15, 2025",ORL @ MIL,L,93,122,-29,False,0
1610612753,Orlando Magic,0022400544,"JAN 12, 2025",ORL vs. PHI,W,104,99,5,False,0
1610612753,Orlando Magic,0022400526,"JAN 10, 2025",ORL vs. MIL,L,106,109,-3,False,0
1610612753,Orlando Magic,0022400519,"JAN 09, 2025",ORL vs. MIN,L,89,104,-15,False,0
1610612753,Orlando Magic,0022400496,"JAN 06, 2025",ORL @ NYK,W,103,94,9,False,0
1610612753,Orlando Magic,0022400490,"JAN 05, 2025",ORL vs. UTA,L,92,105,-13,False,0
1610612753,Orlando Magic,0022400470,"JAN 03, 2025",ORL @ TOR,W,106,97,9,False,0
1610612753,Orlando Magic,0022400455,"JAN 01, 2025",ORL @ DET,L,96,105,-9,False,0
1610612753,Orlando Magic,0022400436,"DEC 29, 2024",ORL vs. BKN,W,102,101,1,False,0
1610612753,Orlando Magic,0022400419,"DEC 27, 2024",ORL vs. NYK,L,85,108,-23,False,0
1610612753,Orlando Magic,0022400411,"DEC 26, 2024",ORL vs. MIA,L,88,89,-1,False,0
1610612753,Orlando Magic,0022400393,"DEC 23, 2024",ORL vs. BOS,W,108,104,4,False,0
1610612753,Orlando Magic,0022400377,"DEC 21, 2024",ORL vs. MIA,W,121,114,7,False,0
1610612753,Orlando Magic,0022400361,"DEC 19, 2024",ORL vs. OKC,L,99,105,-6,False,0
1610612753,Orlando Magic,0022401227,"DEC 15, 2024",ORL vs. NYK,L,91,100,-9,False,0
1610612753,Orlando Magic,0022401201,"DEC 10, 2024",ORL @ MIL,L,109,114,-5,False,0
1610612753,Orlando Magic,0022400352,"DEC 08, 2024",ORL vs. PHX,W,115,110,5,False,0
1610612753,Orlando Magic,0022400333,"DEC 06, 2024",ORL @ PHI,L,94,102,-8,False,0
1610612753,Orlando Magic,0022400322,"DEC 04, 2024",ORL @ PHI,W,106,102,4,False,0
1610612753,Orlando Magic,0022400053,"DEC 03, 2024",ORL @ NYK,L,106,121,-15,False,0
1610612753,Orlando Magic,0022400305,"DEC 01, 2024",ORL @ BKN,W,100,92,8,False,0
1610612753,Orlando Magic,0022400043,"NOV 29, 2024",ORL @ BKN,W,123,100,23,False,0
1610612753,Orlando Magic,0022400289,"NOV 27, 2024",ORL vs. CHI,W,133,119,14,False,0
1610612753,Orlando Magic,0022400277,"NOV 25, 2024",ORL @ CHA,W,95,84,11,False,0
1610612753,Orlando Magic,0022400265,"NOV 23, 2024",ORL vs. DET,W,111,100,11,False,0
1610612753,Orlando Magic,0022400263,"NOV 21, 2024",ORL @ LAL,W,119,118,1,False,0
1610612753,Orlando Magic,0022400259,"NOV 20, 2024",ORL @ LAC,L,93,104,-11,False,0
1610612753,Orlando Magic,0022400249,"NOV 18, 2024",ORL @ PHX,W,109,99,10,False,0
1610612753,Orlando Magic,0022400010,"NOV 15, 2024",ORL vs. PHI,W,98,86,12,False,0
1610612753,Orlando Magic,0022400217,"NOV 13, 2024",ORL vs. IND,W,94,90,4,False,0
1610612753,Orlando Magic,0022400003,"NOV 12, 2024",ORL vs. CHA,W,114,89,25,False,0
1610612753,Orlando Magic,0022400204,"NOV 10, 2024",ORL vs. WAS,W,121,94,27,False,0
1610612753,Orlando Magic,0022400186,"NOV 08, 2024",ORL vs. NOP,W,115,88,27,False,0
1610612753,Orlando Magic,0022400170,"NOV 06, 2024",ORL @ IND,L,111,118,-7,False,0
1610612753,Orlando Magic,0022400163,"NOV 04, 2024",ORL @ OKC,L,86,102,-16,False,0
1610612753,Orlando Magic,0022400153,"NOV 03, 2024",ORL @ DAL,L,85,108,-23,False,0
1610612753,Orlando Magic,0022400133,"NOV 01, 2024",ORL @ CLE,L,109,120,-11,False,0
1610612753,Orlando Magic,0022400123,"OCT 30, 2024",ORL @ CHI,L,99,102,-3,False,0
1610612753,Orlando Magic,0022400102,"OCT 28, 2024",ORL vs. IND,W,119,115,4,False,0
1610612753,Orlando Magic,0022400092,"OCT 26, 2024",ORL @ MEM,L,111,124,-13,False,0
1610612753,Orlando Magic,0022400077,"OCT 25, 2024",ORL vs. BKN,W,116,101,15,False,0
1610612753,Orlando Magic,0022400065,"OCT 23, 2024",ORL @ MIA,W,116,97,19,False,0
1610612754,Indiana Pacers,0022401189,"APR 13, 2025",IND @ CLE,W,126,118,8,True,2
1610612754,Indiana Pacers,0022401172,"APR 11, 2025",IND vs. ORL,L,115,129,-14,False,0
1610612754,Indiana Pacers,0022401168,"APR 10, 2025",IND vs. CLE,W,114,112,2,False,0
1610612754,Indiana Pacers,0022401148,"APR 08, 2025",IND vs. WAS,W,104,98,6,False,0
1610612754,Indiana Pacers,0022401142,"APR 06, 2025",IND @ DEN,W,125,120,5,False,0
1610612754,Indiana Pacers,0022401119,"APR 04, 2025",IND vs. UTA,W,140,112,28,False,0
1610612754,Indiana Pacers,0022401104,"APR 02, 2025",IND vs. CHA,W,119,105,14,False,0
1610612754,Indiana Pacers,0022401090,"MAR 31, 2025",IND vs. SAC,W,111,109,2,False,0
1610612754,Indiana Pacers,0022401079,"MAR 29, 2025",IND @ OKC,L,111,132,-21,False,0
1610612754,Indiana Pacers,0022401061,"MAR 27, 2025",IND @ WAS,W,162,109,53,False,0
1610612754,Indiana Pacers,0022401055,"MAR 26, 2025",IND vs. LAL,L,119,120,-1,False,0
1610612754,Indiana Pacers,0022401037,"MAR 24, 2025",IND vs. MIN,W,119,103,16,False,0
1610612754,Indiana Pacers,0022401024,"MAR 22, 2025",IND vs. BKN,W,108,103,5,False,0
1610612754,Indiana Pacers,0022401011,"MAR 20, 2025",IND vs. BKN,W,105,99,6,True,1
1610612754,Indiana Pacers,0022400998,"MAR 19, 2025",IND vs. DAL,W,135,131,4,False,0
1610612754,Indiana Pacers,0022400986,"MAR 17, 2025",IND @ MIN,W,132,130,2,True,1
1610612754,Indiana Pacers,0022400972,"MAR 15, 2025",IND @ MIL,L,119,126,-7,False,0
1610612754,Indiana Pacers,0022400959,"MAR 14, 2025",IND @ PHI,W,112,100,12,False,0
1610612754,Indiana Pacers,0022400942,"MAR 11, 2025",IND vs. MIL,W,115,114,1,False,0
1610612754,Indiana Pacers,0022400933,"MAR 10, 2025",IND @ CHI,L,103,121,-18,False,0
1610612754,Indiana Pacers,0022400914,"MAR 08, 2025",IND @ ATL,L,118,120,-2,False,0
1610612754,Indiana Pacers,0022400899,"MAR 06, 2025",IND @ ATL,L,118,124,-6,False,0
1610612754,Indiana Pacers,0022400882,"MAR 04, 2025",IND vs. HOU,W,115,102,13,False,0
1610612754,Indiana Pacers,0022400868,"MAR 02, 2025",IND vs. CHI,W,127,112,15,False,0
1610612754,Indiana Pacers,0022400854,"FEB 28, 2025",IND @ MIA,L,120,125,-5,False,0
1610612754,Indiana Pacers,0022400837,"FEB 26, 2025",IND vs. TOR,W,111,91,20,False,0
1610612754,Indiana Pacers,0022400822,"FEB 24, 2025",IND vs. DEN,L,116,125,-9,False,0
1610612754,Indiana Pacers,0022400813,"FEB 23, 2025",IND vs. LAC,W,129,111,18,False,0
1610612754,Indiana Pacers,0022400788,"FEB 20, 2025",IND vs. MEM,W,127,113,14,False,0
1610612754,Indiana Pacers,0022400771,"FEB 12, 2025",IND @ WAS,W,134,130,4,True,1
1610612754,Indiana Pacers,0022400765,"FEB 11, 2025",IND vs. NYK,L,115,128,-13,False,0
1610612754,Indiana Pacers,0022400742,"FEB 08, 2025",IND @ LAL,L,117,124,-7,False,0
1610612754,Indiana Pacers,0022400733,"FEB 06, 2025",IND @ LAC,W,119,112,7,False,0
1610612754,Indiana Pacers,0022400716,"FEB 04, 2025",IND @ POR,L,89,112,-23,False,0
1610612754,Indiana Pacers,0022400707,"FEB 03, 2025",IND @ UTA,W,112,111,1,False,0
1610612754,Indiana Pacers,0022400686,"FEB 01, 2025",IND vs. ATL,W,132,127,5,False,0
1610612754,Indiana Pacers,0022400664,"JAN 29, 2025",IND vs. DET,W,133,119,14,False,0
1610612754,Indiana Pacers,0022400633,"JAN 25, 2025",IND @ SAS,W,136,98,38,False,0
1610612754,Indiana Pacers,0022400621,"JAN 23, 2025",IND vs. SAS,L,110,140,-30,False,0
1610612754,Indiana Pacers,0022400588,"JAN 18, 2025",IND vs. PHI,W,115,102,13,False,0
1610612754,Indiana Pacers,0022400572,"JAN 16, 2025",IND @ DET,W,111,100,11,False,0
1610612754,Indiana Pacers,0022400554,"JAN 14, 2025",IND vs. CLE,L,117,127,-10,False,0
1610612754,Indiana Pacers,0022400543,"JAN 12, 2025",IND @ CLE,W,108,93,15,False,0
1610612754,Indiana Pacers,0022400525,"JAN 10, 2025",IND vs. GSW,W,108,96,12,False,0
1610612754,Indiana Pacers,0022400510,"JAN 08, 2025",IND vs. CHI,W,129,113,16,False,0
1610612754,Indiana Pacers,0022400495,"JAN 06, 2025",IND @ BKN,W,113,99,14,False,0
1610612754,Indiana Pacers,0022400480,"JAN 04, 2025",IND vs. PHX,W,126,108,18,False,0
1610612754,Indiana Pacers,0022400463,"JAN 02, 2025",IND @ MIA,W,128,115,13,False,0
1610612754,Indiana Pacers,0022400450,"DEC 31, 2024",IND vs. MIL,L,112,120,-8,False,0
1610612754,Indiana Pacers,0022400437,"DEC 29, 2024",IND @ BOS,W,123,114,9,False,0
1610612754,Indiana Pacers,0022400420,"DEC 27, 2024",IND @ BOS,L,105,142,-37,False,0
1610612754,Indiana Pacers,0022400410,"DEC 26, 2024",IND vs. OKC,L,114,120,-6,False,0
1610612754,Indiana Pacers,0022400403,"DEC 23, 2024",IND @ GSW,W,111,105,6,False,0
1610612754,Indiana Pacers,0022400389,"DEC 22, 2024",IND @ SAC,W,122,95,27,False,0
1610612754,Indiana Pacers,0022400369,"DEC 19, 2024",IND @ PHX,W,120,111,9,False,0
1610612754,Indiana Pacers,0022401216,"DEC 15, 2024",IND vs. NOP,W,119,104,15,False,0
1610612754,Indiana Pacers,0022401209,"DEC 13, 2024",IND @ PHI,W,121,107,14,False,0
1610612754,Indiana Pacers,0022400349,"DEC 08, 2024",IND vs. CHA,L,109,113,-4,False,0
1610612754,Indiana Pacers,0022400336,"DEC 06, 2024",IND @ CHI,W,132,123,9,False,0
1610612754,Indiana Pacers,0022400320,"DEC 04, 2024",IND @ BKN,L,90,99,-9,False,0
1610612754,Indiana Pacers,0022400054,"DEC 03, 2024",IND @ TOR,L,111,122,-11,False,0
1610612754,Indiana Pacers,0022400306,"DEC 01, 2024",IND @ MEM,L,121,136,-15,False,0
1610612754,Indiana Pacers,0022400045,"NOV 29, 2024",IND vs. DET,L,106,130,-24,False,0
1610612754,Indiana Pacers,0022400288,"NOV 27, 2024",IND vs. POR,W,121,114,7,False,0
1610612754,Indiana Pacers,0022400279,"NOV 25, 2024",IND vs. NOP,W,114,110,4,False,0
1610612754,Indiana Pacers,0022400272,"NOV 24, 2024",IND vs. WAS,W,115,103,12,False,0
1610612754,Indiana Pacers,0022400029,"NOV 22, 2024",IND @ MIL,L,117,129,-12,False,0
1610612754,Indiana Pacers,0022400254,"NOV 20, 2024",IND @ HOU,L,113,130,-17,False,0
1610612754,Indiana Pacers,0022400247,"NOV 18, 2024",IND @ TOR,L,119,130,-11,False,0
1610612754,Indiana Pacers,0022400235,"NOV 17, 2024",IND vs. MIA,W,119,110,9,False,0
1610612754,Indiana Pacers,0022400009,"NOV 15, 2024",IND vs. MIA,L,111,124,-13,False,0
1610612754,Indiana Pacers,0022400217,"NOV 13, 2024",IND @ ORL,L,90,94,-4,False,0
1610612754,Indiana Pacers,0022400203,"NOV 10, 2024",IND vs. NYK,W,132,121,11,False,0
1610612754,Indiana Pacers,0022400184,"NOV 08, 2024",IND @ CHA,L,83,103,-20,False,0
1610612754,Indiana Pacers,0022400170,"NOV 06, 2024",IND vs. ORL,W,118,111,7,False,0
1610612754,Indiana Pacers,0022400165,"NOV 04, 2024",IND @ DAL,W,134,127,7,False,0
1610612754,Indiana Pacers,0022400138,"NOV 01, 2024",IND @ NOP,L,118,125,-7,False,0
1610612754,Indiana Pacers,0022400119,"OCT 30, 2024",IND vs. BOS,W,135,132,3,True,1
1610612754,Indiana Pacers,0022400102,"OCT 28, 2024",IND @ ORL,L,115,119,-4,False,0
1610612754,Indiana Pacers,0022400097,"OCT 27, 2024",IND vs. PHI,L,114,118,-4,True,1
1610612754,Indiana Pacers,0022400081,"OCT 25, 2024",IND @ NYK,L,98,123,-25,False,0
1610612754,Indiana Pacers,0022400063,"OCT 23, 2024",IND @ DET,W,115,109,6,False,0
1610612755,Philadelphia 76ers,0022401191,"APR 13, 2025",PHI vs. CHI,L,102,122,-20,False,0
1610612755,Philadelphia 76ers,0022401173,"APR 11, 2025",PHI vs. ATL,L,110,124,-14,False,0
1610612755,Philadelphia 76ers,0022401157,"APR 09, 2025",PHI @ WAS,W,122,103,19,False,0
1610612755,Philadelphia 76ers,0022401145,"APR 07, 2025",PHI @ MIA,L,105,117,-12,False,0
1610612755,Philadelphia 76ers,0022401130,"APR 05, 2025",PHI vs. MIN,L,109,114,-5,False,0
1610612755,Philadelphia 76ers,0022401115,"APR 03, 2025",PHI vs. MIL,L,113,126,-13,False,0
1610612755,Philadelphia 76ers,0022401098,"APR 01, 2025",PHI @ NYK,L,91,105,-14,False,0
1610612755,Philadelphia 76ers,0022401087,"MAR 30, 2025",PHI vs. TOR,L,109,127,-18,False,0
1610612755,Philadelphia 76ers,0022401076,"MAR 29, 2025",PHI vs. MIA,L,95,118,-23,False,0
1610612755,Philadelphia 76ers,0022401053,"MAR 26, 2025",PHI vs. WAS,L,114,119,-5,False,0
1610612755,Philadelphia 76ers,0022401041,"MAR 24, 2025",PHI @ NOP,L,99,112,-13,False,0
1610612755,Philadelphia 76ers,0022401031,"MAR 23, 2025",PHI @ ATL,L,119,132,-13,False,0
1610612755,Philadelphia 76ers,0022401018,"MAR 21, 2025",PHI @ SAS,L,120,128,-8,False,0
1610612755,Philadelphia 76ers,0022401002,"MAR 19, 2025",PHI @ OKC,L,100,133,-33,False,0
1610612755,Philadelphia 76ers,0022400985,"MAR 17, 2025",PHI @ HOU,L,137,144,-7,True,1
1610612755,Philadelphia 76ers,0022400976,"MAR 16, 2025",PHI @ DAL,W,130,125,5,False,0
1610612755,Philadelphia 76ers,0022400959,"MAR 14, 2025",PHI vs. IND,L,100,112,-12,False,0
1610612755,Philadelphia 76ers,0022400947,"MAR 12, 2025",PHI @ TOR,L,105,118,-13,False,0
1610612755,Philadelphia 76ers,0022400928,"MAR 10, 2025",PHI @ ATL,L,123,132,-9,False,0
1610612755,Philadelphia 76ers,0022400924,"MAR 09, 2025",PHI vs. UTA,W,126,122,4,False,0
1610612755,Philadelphia 76ers,0022400900,"MAR 06, 2025",PHI @ BOS,L,105,123,-18,False,0
1610612755,Philadelphia 76ers,0022400887,"MAR 04, 2025",PHI @ MIN,L,112,126,-14,False,0
1610612755,Philadelphia 76ers,0022400876,"MAR 03, 2025",PHI vs. POR,L,102,119,-17,False,0
1610612755,Philadelphia 76ers,0022400864,"MAR 01, 2025",PHI vs. GSW,W,126,119,7,False,0
1610612755,Philadelphia 76ers,0022400838,"FEB 26, 2025",PHI @ NYK,L,105,110,-5,False,0
1610612755,Philadelphia 76ers,0022400823,"FEB 24, 2025",PHI vs. CHI,L,110,142,-32,False,0
1610612755,Philadelphia 76ers,0022400807,"FEB 22, 2025",PHI vs. BKN,L,103,105,-2,False,0
1610612755,Philadelphia 76ers,0022400789,"FEB 20, 2025",PHI vs. BOS,L,104,124,-20,False,0
1610612755,Philadelphia 76ers,0022400772,"FEB 12, 2025",PHI @ BKN,L,96,100,-4,False,0
1610612755,Philadelphia 76ers,0022400764,"FEB 11, 2025",PHI vs. TOR,L,103,106,-3,False,0
1610612755,Philadelphia 76ers,0022400754,"FEB 09, 2025",PHI @ MIL,L,127,135,-8,False,0
1610612755,Philadelphia 76ers,0022400738,"FEB 07, 2025",PHI @ DET,L,112,125,-13,False,0
1610612755,Philadelphia 76ers,0022400721,"FEB 05, 2025",PHI vs. MIA,L,101,108,-7,False,0
1610612755,Philadelphia 76ers,0022400712,"FEB 04, 2025",PHI vs. DAL,W,118,116,2,False,0
1610612755,Philadelphia 76ers,0022400698,"FEB 02, 2025",PHI vs. BOS,L,110,118,-8,False,0
1610612755,Philadelphia 76ers,0022400681,"JAN 31, 2025",PHI vs. DEN,L,134,137,-3,False,0
1610612755,Philadelphia 76ers,0022400669,"JAN 29, 2025",PHI vs. SAC,W,117,104,13,False,0
1610612755,Philadelphia 76ers,0022400660,"JAN 28, 2025",PHI vs. LAL,W,118,104,14,False,0
1610612755,Philadelphia 76ers,0022400642,"JAN 25, 2025",PHI @ CHI,W,109,97,12,False,0
1610612755,Philadelphia 76ers,0022400631,"JAN 24, 2025",PHI vs. CLE,W,132,129,3,False,0
1610612755,Philadelphia 76ers,0022400609,"JAN 21, 2025",PHI @ DEN,L,109,144,-35,False,0
1610612755,Philadelphia 76ers,0022400594,"JAN 19, 2025",PHI @ MIL,L,109,123,-14,False,0
1610612755,Philadelphia 76ers,0022400588,"JAN 18, 2025",PHI @ IND,L,102,115,-13,False,0
1610612755,Philadelphia 76ers,0022400561,"JAN 15, 2025",PHI vs. NYK,L,119,125,-6,True,1
1610612755,Philadelphia 76ers,0022400555,"JAN 14, 2025",PHI vs. OKC,L,102,118,-16,False,0
1610612755,Philadelphia 76ers,0022400544,"JAN 12, 2025",PHI @ ORL,L,99,104,-5,False,0
1610612755,Philadelphia 76ers,0022400527,"JAN 10, 2025",PHI vs. NOP,L,115,123,-8,False,0
1610612755,Philadelphia 76ers,0022400512,"JAN 08, 2025",PHI vs. WAS,W,109,103,6,False,0
1610612755,Philadelphia 76ers,0022400494,"JAN 06, 2025",PHI vs. PHX,L,99,109,-10,False,0
1610612755,Philadelphia 76ers,0022400478,"JAN 04, 2025",PHI @ BKN,W,123,94,29,False,0
1610612755,Philadelphia 76ers,0022400467,"JAN 02, 2025",PHI @ GSW,L,105,139,-34,False,0
1610612755,Philadelphia 76ers,0022400462,"JAN 01, 2025",PHI @ SAC,L,107,113,-6,False,0
1610612755,Philadelphia 76ers,0022400447,"DEC 30, 2024",PHI @ POR,W,125,103,22,False,0
1610612755,Philadelphia 76ers,0022400433,"DEC 28, 2024",PHI @ UTA,W,114,111,3,False,0
1610612755,Philadelphia 76ers,0022400407,"DEC 25, 2024",PHI @ BOS,W,118,114,4,False,0
1610612755,Philadelphia 76ers,0022400394,"DEC 23, 2024",PHI vs. SAS,W,111,106,5,False,0
1610612755,Philadelphia 76ers,0022400380,"DEC 21, 2024",PHI @ CLE,L,99,126,-27,False,0
1610612755,Philadelphia 76ers,0022400373,"DEC 20, 2024",PHI vs. CHA,W,108,98,10,False,0
1610612755,Philadelphia 76ers,0022401222,"DEC 16, 2024",PHI @ CHA,W,121,108,13,False,0
1610612755,Philadelphia 76ers,0022401209,"DEC 13, 2024",PHI vs. IND,L,107,121,-14,False,0
1610612755,Philadelphia 76ers,0022400347,"DEC 08, 2024",PHI @ CHI,W,108,100,8,False,0
1610612755,Philadelphia 76ers,0022400333,"DEC 06, 2024",PHI vs. ORL,W,102,94,8,False,0
1610612755,Philadelphia 76ers,0022400322,"DEC 04, 2024",PHI vs. ORL,L,102,106,-4,False,0
1610612755,Philadelphia 76ers,0022400050,"DEC 03, 2024",PHI @ CHA,W,110,104,6,False,0
1610612755,Philadelphia 76ers,0022400301,"NOV 30, 2024",PHI @ DET,W,111,96,15,False,0
1610612755,Philadelphia 76ers,0022400290,"NOV 27, 2024",PHI vs. HOU,L,115,122,-7,True,1
1610612755,Philadelphia 76ers,0022400274,"NOV 24, 2024",PHI vs. LAC,L,99,125,-26,False,0
1610612755,Philadelphia 76ers,0022400027,"NOV 22, 2024",PHI vs. BKN,W,113,98,15,False,0
1610612755,Philadelphia 76ers,0022400255,"NOV 20, 2024",PHI @ MEM,L,111,117,-6,False,0
1610612755,Philadelphia 76ers,0022400245,"NOV 18, 2024",PHI @ MIA,L,89,106,-17,False,0
1610612755,Philadelphia 76ers,0022400010,"NOV 15, 2024",PHI @ ORL,L,86,98,-12,False,0
1610612755,Philadelphia 76ers,0022400220,"NOV 13, 2024",PHI vs. CLE,L,106,114,-8,False,0
1610612755,Philadelphia 76ers,0022400004,"NOV 12, 2024",PHI vs. NYK,L,99,111,-12,False,0
1610612755,Philadelphia 76ers,0022400205,"NOV 10, 2024",PHI vs. CHA,W,107,105,2,True,1
1610612755,Philadelphia 76ers,0022400195,"NOV 08, 2024",PHI @ LAL,L,106,116,-10,False,0
1610612755,Philadelphia 76ers,0022400179,"NOV 06, 2024",PHI @ LAC,L,98,110,-12,False,0
1610612755,Philadelphia 76ers,0022400167,"NOV 04, 2024",PHI @ PHX,L,116,118,-2,False,0
1610612755,Philadelphia 76ers,0022400142,"NOV 02, 2024",PHI vs. MEM,L,107,124,-17,False,0
1610612755,Philadelphia 76ers,0022400120,"OCT 30, 2024",PHI vs. DET,L,95,105,-10,False,0
1610612755,Philadelphia 76ers,0022400097,"OCT 27, 2024",PHI @ IND,W,118,114,4,True,1
1610612755,Philadelphia 76ers,0022400078,"OCT 25, 2024",PHI @ TOR,L,107,115,-8,False,0
1610612755,Philadelphia 76ers,0022400066,"OCT 23, 2024",PHI vs. MIL,L,109,124,-15,False,0
1610612756,Phoenix Suns,0022401200,"APR 13, 2025",PHX @ SAC,L,98,109,-11,False,0
1610612756,Phoenix Suns,0022401182,"APR 11, 2025",PHX vs. SAS,W,117,98,19,False,0
1610612756,Phoenix Suns,0022401164,"APR 09, 2025",PHX vs. OKC,L,112,125,-13,False,0
1610612756,Phoenix Suns,0022401154,"APR 08, 2025",PHX vs. GSW,L,95,133,-38,False,0
1610612756,Phoenix Suns,0022401140,"APR 06, 2025",PHX @ NYK,L,98,112,-14,False,0
1610612756,Phoenix Suns,0022401120,"APR 04, 2025",PHX @ BOS,L,103,123,-20,False,0
1610612756,Phoenix Suns,0022401101,"APR 01, 2025",PHX @ MIL,L,123,133,-10,False,0
1610612756,Phoenix Suns,0022401088,"MAR 30, 2025",PHX vs. HOU,L,109,148,-39,False,0
1610612756,Phoenix Suns,0022401071,"MAR 28, 2025",PHX @ MIN,L,109,124,-15,False,0
1610612756,Phoenix Suns,0022401058,"MAR 26, 2025",PHX vs. BOS,L,102,132,-30,False,0
1610612756,Phoenix Suns,0022401043,"MAR 24, 2025",PHX vs. MIL,W,108,106,2,False,0
1610612756,Phoenix Suns,0022401021,"MAR 21, 2025",PHX vs. CLE,W,123,112,11,False,0
1610612756,Phoenix Suns,0022401007,"MAR 19, 2025",PHX vs. CHI,W,127,121,6,False,0
1610612756,Phoenix Suns,0022400991,"MAR 17, 2025",PHX vs. TOR,W,129,89,40,False,0
1610612756,Phoenix Suns,0022400977,"MAR 16, 2025",PHX @ LAL,L,96,107,-11,False,0
1610612756,Phoenix Suns,0022400967,"MAR 14, 2025",PHX vs. SAC,W,122,106,16,False,0
1610612756,Phoenix Suns,0022400949,"MAR 12, 2025",PHX @ HOU,L,104,111,-7,False,0
1610612756,Phoenix Suns,0022400935,"MAR 10, 2025",PHX @ MEM,L,118,120,-2,False,0
1610612756,Phoenix Suns,0022400921,"MAR 09, 2025",PHX @ DAL,W,125,116,9,False,0
1610612756,Phoenix Suns,0022400909,"MAR 07, 2025",PHX @ DEN,L,141,149,-8,True,1
1610612756,Phoenix Suns,0022400889,"MAR 04, 2025",PHX vs. LAC,W,119,117,2,False,0
1610612756,Phoenix Suns,0022400873,"MAR 02, 2025",PHX vs. MIN,L,98,116,-18,False,0
1610612756,Phoenix Suns,0022400857,"FEB 28, 2025",PHX vs. NOP,W,125,108,17,False,0
1610612756,Phoenix Suns,0022400848,"FEB 27, 2025",PHX vs. NOP,L,116,124,-8,False,0
1610612756,Phoenix Suns,0022400832,"FEB 25, 2025",PHX @ MEM,L,148,151,-3,True,1
1610612756,Phoenix Suns,0022400816,"FEB 23, 2025",PHX @ TOR,L,109,127,-18,False,0
1610612756,Phoenix Suns,0022400806,"FEB 22, 2025",PHX @ CHI,W,121,117,4,False,0
1610612756,Phoenix Suns,0022400795,"FEB 20, 2025",PHX @ SAS,L,109,120,-11,False,0
1610612756,Phoenix Suns,0022400779,"FEB 12, 2025",PHX @ HOU,L,111,119,-8,False,0
1610612756,Phoenix Suns,0022400767,"FEB 11, 2025",PHX vs. MEM,L,112,119,-7,False,0
1610612756,Phoenix Suns,0022400749,"FEB 08, 2025",PHX vs. DEN,L,105,122,-17,False,0
1610612756,Phoenix Suns,0022400740,"FEB 07, 2025",PHX vs. UTA,W,135,127,8,True,1
1610612756,Phoenix Suns,0022400724,"FEB 05, 2025",PHX @ OKC,L,109,140,-31,False,0
1610612756,Phoenix Suns,0022400709,"FEB 03, 2025",PHX @ POR,L,119,121,-2,True,1
1610612756,Phoenix Suns,0022400694,"FEB 01, 2025",PHX @ POR,L,108,127,-19,False,0
1610612756,Phoenix Suns,0022400685,"JAN 31, 2025",PHX @ GSW,W,130,105,25,False,0
1610612756,Phoenix Suns,0022400672,"JAN 29, 2025",PHX vs. MIN,L,113,121,-8,False,0
1610612756,Phoenix Suns,0022400659,"JAN 27, 2025",PHX vs. LAC,W,111,109,2,False,0
1610612756,Phoenix Suns,0022400645,"JAN 25, 2025",PHX vs. WAS,W,119,109,10,False,0
1610612756,Phoenix Suns,0022400613,"JAN 22, 2025",PHX @ BKN,W,108,84,24,False,0
1610612756,Phoenix Suns,0022400603,"JAN 20, 2025",PHX @ CLE,L,92,118,-26,False,0
1610612756,Phoenix Suns,0022400586,"JAN 18, 2025",PHX @ DET,W,125,121,4,False,0
1610612756,Phoenix Suns,0022400573,"JAN 16, 2025",PHX @ WAS,W,130,123,7,False,0
1610612756,Phoenix Suns,0022400556,"JAN 14, 2025",PHX @ ATL,L,117,122,-5,False,0
1610612756,Phoenix Suns,0022400547,"JAN 12, 2025",PHX vs. CHA,W,120,113,7,False,0
1610612756,Phoenix Suns,0022400533,"JAN 11, 2025",PHX vs. UTA,W,114,106,8,False,0
1610612756,Phoenix Suns,0022400522,"JAN 09, 2025",PHX vs. ATL,W,123,115,8,False,0
1610612756,Phoenix Suns,0022400502,"JAN 07, 2025",PHX @ CHA,L,104,115,-11,False,0
1610612756,Phoenix Suns,0022400494,"JAN 06, 2025",PHX @ PHI,W,109,99,10,False,0
1610612756,Phoenix Suns,0022400480,"JAN 04, 2025",PHX @ IND,L,108,126,-18,False,0
1610612756,Phoenix Suns,0022400453,"DEC 31, 2024",PHX vs. MEM,L,112,117,-5,False,0
1610612756,Phoenix Suns,0022400431,"DEC 28, 2024",PHX @ GSW,L,105,109,-4,False,0
1610612756,Phoenix Suns,0022400425,"DEC 27, 2024",PHX vs. DAL,L,89,98,-9,False,0
1610612756,Phoenix Suns,0022400409,"DEC 25, 2024",PHX vs. DEN,W,110,100,10,False,0
1610612756,Phoenix Suns,0022400402,"DEC 23, 2024",PHX @ DEN,L,90,117,-27,False,0
1610612756,Phoenix Suns,0022400387,"DEC 21, 2024",PHX vs. DET,L,125,133,-8,False,0
1610612756,Phoenix Suns,0022400369,"DEC 19, 2024",PHX vs. IND,L,111,120,-9,False,0
1610612756,Phoenix Suns,0022401219,"DEC 15, 2024",PHX vs. POR,W,116,109,7,False,0
1610612756,Phoenix Suns,0022401214,"DEC 13, 2024",PHX @ UTA,W,134,126,8,False,0
1610612756,Phoenix Suns,0022400352,"DEC 08, 2024",PHX @ ORL,L,110,115,-5,False,0
1610612756,Phoenix Suns,0022400346,"DEC 07, 2024",PHX @ MIA,L,111,121,-10,False,0
1610612756,Phoenix Suns,0022400330,"DEC 05, 2024",PHX @ NOP,L,124,126,-2,False,0
1610612756,Phoenix Suns,0022400057,"DEC 03, 2024",PHX vs. SAS,W,104,93,11,False,0
1610612756,Phoenix Suns,0022400303,"NOV 30, 2024",PHX vs. GSW,W,113,105,8,False,0
1610612756,Phoenix Suns,0022400297,"NOV 27, 2024",PHX vs. BKN,L,117,127,-10,False,0
1610612756,Phoenix Suns,0022400039,"NOV 26, 2024",PHX vs. LAL,W,127,100,27,False,0
1610612756,Phoenix Suns,0022400257,"NOV 20, 2024",PHX vs. NYK,L,122,138,-16,False,0
1610612756,Phoenix Suns,0022400249,"NOV 18, 2024",PHX vs. ORL,L,99,109,-10,False,0
1610612756,Phoenix Suns,0022400234,"NOV 17, 2024",PHX @ MIN,L,117,120,-3,False,0
1610612756,Phoenix Suns,0022400018,"NOV 15, 2024",PHX @ OKC,L,83,99,-16,False,0
1610612756,Phoenix Suns,0022400227,"NOV 13, 2024",PHX @ SAC,L,104,127,-23,False,0
1610612756,Phoenix Suns,0022400006,"NOV 12, 2024",PHX @ UTA,W,120,112,8,False,0
1610612756,Phoenix Suns,0022400209,"NOV 10, 2024",PHX vs. SAC,L,118,127,-9,True,1
1610612756,Phoenix Suns,0022400190,"NOV 08, 2024",PHX @ DAL,W,114,113,1,False,0
1610612756,Phoenix Suns,0022400178,"NOV 06, 2024",PHX vs. MIA,W,115,112,3,False,0
1610612756,Phoenix Suns,0022400167,"NOV 04, 2024",PHX vs. PHI,W,118,116,2,False,0
1610612756,Phoenix Suns,0022400149,"NOV 02, 2024",PHX vs. POR,W,103,97,6,False,0
1610612756,Phoenix Suns,0022400131,"OCT 31, 2024",PHX @ LAC,W,125,119,6,False,0
1610612756,Phoenix Suns,0022400111,"OCT 28, 2024",PHX vs. LAL,W,109,105,4,False,0
1610612756,Phoenix Suns,0022400095,"OCT 26, 2024",PHX vs. DAL,W,114,102,12,False,0
1610612756,Phoenix Suns,0022400085,"OCT 25, 2024",PHX @ LAL,L,116,123,-7,False,0
1610612756,Phoenix Suns,0022400071,"OCT 23, 2024",PHX @ LAC,W,116,113,3,True,1
1610612757,Portland Trail Blazers,0022401199,"APR 13, 2025",POR vs. LAL,W,109,81,28,False,0
1610612757,Portland Trail Blazers,0022401183,"APR 11, 2025",POR vs. GSW,L,86,103,-17,False,0
1610612757,Portland Trail Blazers,0022401162,"APR 09, 2025",POR @ UTA,L,126,133,-7,True,1
1610612757,Portland Trail Blazers,0022401139,"APR 06, 2025",POR vs. SAS,W,120,109,11,False,0
1610612757,Portland Trail Blazers,0022401122,"APR 04, 2025",POR @ CHI,L,113,118,-5,False,0
1610612757,Portland Trail Blazers,0022401116,"APR 03, 2025",POR @ TOR,W,112,103,9,False,0
1610612757,Portland Trail Blazers,0022401097,"APR 01, 2025",POR @ ATL,W,127,113,14,False,0
1610612757,Portland Trail Blazers,0022401082,"MAR 30, 2025",POR @ NYK,L,93,110,-17,False,0
1610612757,Portland Trail Blazers,0022401066,"MAR 27, 2025",POR @ SAC,L,107,128,-21,False,0
1610612757,Portland Trail Blazers,0022401051,"MAR 25, 2025",POR vs. CLE,L,111,122,-11,False,0
1610612757,Portland Trail Blazers,0022401034,"MAR 23, 2025",POR vs. BOS,L,116,129,-13,False,0
1610612757,Portland Trail Blazers,0022401022,"MAR 21, 2025",POR vs. DEN,W,128,109,19,False,0
1610612757,Portland Trail Blazers,0022401008,"MAR 19, 2025",POR vs. MEM,W,115,99,16,False,0
1610612757,Portland Trail Blazers,0022400995,"MAR 17, 2025",POR vs. WAS,W,112,97,15,False,0
1610612757,Portland Trail Blazers,0022400980,"MAR 16, 2025",POR vs. TOR,W,105,102,3,False,0
1610612757,Portland Trail Blazers,0022400953,"MAR 12, 2025",POR vs. NYK,L,113,114,-1,True,1
1610612757,Portland Trail Blazers,0022400938,"MAR 10, 2025",POR @ GSW,L,120,130,-10,False,0
1610612757,Portland Trail Blazers,0022400926,"MAR 09, 2025",POR vs. DET,L,112,119,-7,False,0
1610612757,Portland Trail Blazers,0022400908,"MAR 07, 2025",POR @ OKC,L,89,107,-18,False,0
1610612757,Portland Trail Blazers,0022400891,"MAR 05, 2025",POR @ BOS,L,118,128,-10,False,0
1610612757,Portland Trail Blazers,0022400876,"MAR 03, 2025",POR @ PHI,W,119,102,17,False,0
1610612757,Portland Trail Blazers,0022400867,"MAR 02, 2025",POR @ CLE,L,129,133,-4,True,1
1610612757,Portland Trail Blazers,0022400853,"FEB 28, 2025",POR @ BKN,W,121,102,19,False,0
1610612757,Portland Trail Blazers,0022400839,"FEB 26, 2025",POR @ WAS,W,129,121,8,False,0
1610612757,Portland Trail Blazers,0022400827,"FEB 24, 2025",POR @ UTA,W,114,112,2,False,0
1610612757,Portland Trail Blazers,0022400810,"FEB 22, 2025",POR vs. CHA,W,141,88,53,False,0
1610612757,Portland Trail Blazers,0022400796,"FEB 20, 2025",POR vs. LAL,L,102,110,-8,False,0
1610612757,Portland Trail Blazers,0022400780,"FEB 12, 2025",POR @ DEN,L,121,132,-11,False,0
1610612757,Portland Trail Blazers,0022400763,"FEB 10, 2025",POR @ DEN,L,117,146,-29,False,0
1610612757,Portland Trail Blazers,0022400747,"FEB 08, 2025",POR @ MIN,L,98,114,-16,False,0
1610612757,Portland Trail Blazers,0022400732,"FEB 06, 2025",POR vs. SAC,W,108,102,6,False,0
1610612757,Portland Trail Blazers,0022400716,"FEB 04, 2025",POR vs. IND,W,112,89,23,False,0
1610612757,Portland Trail Blazers,0022400709,"FEB 03, 2025",POR vs. PHX,W,121,119,2,True,1
1610612757,Portland Trail Blazers,0022400694,"FEB 01, 2025",POR vs. PHX,W,127,108,19,False,0
1610612757,Portland Trail Blazers,0022400678,"JAN 30, 2025",POR vs. ORL,W,119,90,29,False,0
1610612757,Portland Trail Blazers,0022400662,"JAN 28, 2025",POR vs. MIL,W,125,112,13,False,0
1610612757,Portland Trail Blazers,0022400647,"JAN 26, 2025",POR vs. OKC,L,108,118,-10,False,0
1610612757,Portland Trail Blazers,0022400630,"JAN 24, 2025",POR @ CHA,W,102,97,5,False,0
1610612757,Portland Trail Blazers,0022400622,"JAN 23, 2025",POR @ ORL,W,101,79,22,False,0
1610612757,Portland Trail Blazers,0022400607,"JAN 21, 2025",POR @ MIA,W,116,107,9,False,0
1610612757,Portland Trail Blazers,0022400597,"JAN 19, 2025",POR vs. CHI,W,113,102,11,False,0
1610612757,Portland Trail Blazers,0022400591,"JAN 18, 2025",POR vs. HOU,L,103,125,-22,False,0
1610612757,Portland Trail Blazers,0022400575,"JAN 16, 2025",POR vs. LAC,L,89,118,-29,False,0
1610612757,Portland Trail Blazers,0022400560,"JAN 14, 2025",POR vs. BKN,L,114,132,-18,False,0
1610612757,Portland Trail Blazers,0022400536,"JAN 11, 2025",POR vs. MIA,L,98,119,-21,False,0
1610612757,Portland Trail Blazers,0022400521,"JAN 09, 2025",POR @ DAL,L,111,117,-6,False,0
1610612757,Portland Trail Blazers,0022400514,"JAN 08, 2025",POR @ NOP,W,119,100,19,False,0
1610612757,Portland Trail Blazers,0022400493,"JAN 06, 2025",POR @ DET,L,115,118,-3,False,0
1610612757,Portland Trail Blazers,0022400483,"JAN 04, 2025",POR @ MIL,W,105,102,3,False,0
1610612757,Portland Trail Blazers,0022400468,"JAN 02, 2025",POR @ LAL,L,106,114,-8,False,0
1610612757,Portland Trail Blazers,0022400447,"DEC 30, 2024",POR vs. PHI,L,103,125,-22,False,0
1610612757,Portland Trail Blazers,0022400434,"DEC 28, 2024",POR vs. DAL,W,126,122,4,False,0
1610612757,Portland Trail Blazers,0022400417,"DEC 26, 2024",POR vs. UTA,W,122,120,2,False,0
1610612757,Portland Trail Blazers,0022400401,"DEC 23, 2024",POR @ DAL,L,108,132,-24,False,0
1610612757,Portland Trail Blazers,0022400386,"DEC 21, 2024",POR @ SAS,L,94,114,-20,False,0
1610612757,Portland Trail Blazers,0022400371,"DEC 19, 2024",POR vs. DEN,W,126,124,2,False,0
1610612757,Portland Trail Blazers,0022401219,"DEC 15, 2024",POR @ PHX,L,109,116,-7,False,0
1610612757,Portland Trail Blazers,0022401215,"DEC 13, 2024",POR vs. SAS,L,116,118,-2,False,0
1610612757,Portland Trail Blazers,0022400358,"DEC 08, 2024",POR @ LAL,L,98,107,-9,False,0
1610612757,Portland Trail Blazers,0022400339,"DEC 06, 2024",POR vs. UTA,L,99,141,-42,False,0
1610612757,Portland Trail Blazers,0022400060,"DEC 03, 2024",POR @ LAC,L,105,127,-22,False,0
1610612757,Portland Trail Blazers,0022400312,"DEC 01, 2024",POR vs. DAL,L,131,137,-6,False,0
1610612757,Portland Trail Blazers,0022400049,"NOV 29, 2024",POR vs. SAC,W,115,106,9,False,0
1610612757,Portland Trail Blazers,0022400288,"NOV 27, 2024",POR @ IND,L,114,121,-7,False,0
1610612757,Portland Trail Blazers,0022400282,"NOV 25, 2024",POR @ MEM,L,98,123,-25,False,0
1610612757,Portland Trail Blazers,0022400267,"NOV 23, 2024",POR @ HOU,W,104,98,6,False,0
1610612757,Portland Trail Blazers,0022400031,"NOV 22, 2024",POR @ HOU,L,88,116,-28,False,0
1610612757,Portland Trail Blazers,0022400256,"NOV 20, 2024",POR @ OKC,L,99,109,-10,False,0
1610612757,Portland Trail Blazers,0022400239,"NOV 17, 2024",POR vs. ATL,W,114,110,4,False,0
1610612757,Portland Trail Blazers,0022400226,"NOV 13, 2024",POR vs. MIN,W,106,98,8,False,0
1610612757,Portland Trail Blazers,0022400008,"NOV 12, 2024",POR vs. MIN,W,122,108,14,False,0
1610612757,Portland Trail Blazers,0022400210,"NOV 10, 2024",POR vs. MEM,L,89,134,-45,False,0
1610612757,Portland Trail Blazers,0022400193,"NOV 08, 2024",POR @ MIN,L,102,127,-25,False,0
1610612757,Portland Trail Blazers,0022400183,"NOV 07, 2024",POR @ SAS,L,105,118,-13,False,0
1610612757,Portland Trail Blazers,0022400164,"NOV 04, 2024",POR @ NOP,W,118,100,18,False,0
1610612757,Portland Trail Blazers,0022400149,"NOV 02, 2024",POR @ PHX,L,97,103,-6,False,0
1610612757,Portland Trail Blazers,0022400140,"NOV 01, 2024",POR vs. OKC,L,114,137,-23,False,0
1610612757,Portland Trail Blazers,0022400127,"OCT 30, 2024",POR @ LAC,W,106,105,1,False,0
1610612757,Portland Trail Blazers,0022400112,"OCT 28, 2024",POR @ SAC,L,98,111,-13,False,0
1610612757,Portland Trail Blazers,0022400099,"OCT 27, 2024",POR vs. NOP,W,125,103,22,False,0
1610612757,Portland Trail Blazers,0022400086,"OCT 25, 2024",POR vs. NOP,L,103,105,-2,False,0
1610612757,Portland Trail Blazers,0022400072,"OCT 23, 2024",POR vs. GSW,L,104,140,-36,False,0
1610612758,Sacramento Kings,0022401200,"APR 13, 2025",SAC vs. PHX,W,109,98,11,False,0
1610612758,Sacramento Kings,0022401184,"APR 11, 2025",SAC vs. LAC,L,100,101,-1,False,0
1610612758,Sacramento Kings,0022401165,"APR 09, 2025",SAC vs. DEN,L,116,124,-8,False,0
1610612758,Sacramento Kings,0022401144,"APR 07, 2025",SAC @ DET,W,127,117,10,False,0
1610612758,Sacramento Kings,0022401138,"APR 06, 2025",SAC @ CLE,W,120,113,7,False,0
1610612758,Sacramento Kings,0022401118,"APR 04, 2025",SAC @ CHA,W,125,102,23,False,0
1610612758,Sacramento Kings,0022401105,"APR 02, 2025",SAC @ WAS,L,111,116,-5,False,0
1610612758,Sacramento Kings,0022401090,"MAR 31, 2025",SAC @ IND,L,109,111,-2,False,0
1610612758,Sacramento Kings,0022401074,"MAR 29, 2025",SAC @ ORL,L,91,121,-30,False,0
1610612758,Sacramento Kings,0022401066,"MAR 27, 2025",SAC vs. POR,W,128,107,21,False,0
1610612758,Sacramento Kings,0022401052,"MAR 25, 2025",SAC vs. OKC,L,105,121,-16,False,0
1610612758,Sacramento Kings,0022401044,"MAR 24, 2025",SAC vs. BOS,L,95,113,-18,False,0
1610612758,Sacramento Kings,0022401027,"MAR 22, 2025",SAC vs. MIL,L,108,114,-6,False,0
1610612758,Sacramento Kings,0022401013,"MAR 20, 2025",SAC vs. CHI,L,116,128,-12,False,0
1610612758,Sacramento Kings,0022401009,"MAR 19, 2025",SAC vs. CLE,W,123,119,4,False,0
1610612758,Sacramento Kings,0022400992,"MAR 17, 2025",SAC vs. MEM,W,132,122,10,False,0
1610612758,Sacramento Kings,0022400967,"MAR 14, 2025",SAC @ PHX,L,106,122,-16,False,0
1610612758,Sacramento Kings,0022400957,"MAR 13, 2025",SAC @ GSW,L,104,130,-26,False,0
1610612758,Sacramento Kings,0022400939,"MAR 10, 2025",SAC vs. NYK,L,104,133,-29,False,0
1610612758,Sacramento Kings,0022400927,"MAR 09, 2025",SAC @ LAC,L,110,111,-1,True,1
1610612758,Sacramento Kings,0022400910,"MAR 07, 2025",SAC vs. SAS,W,127,109,18,False,0
1610612758,Sacramento Kings,0022400896,"MAR 05, 2025",SAC @ DEN,L,110,116,-6,False,0
1610612758,Sacramento Kings,0022400880,"MAR 03, 2025",SAC @ DAL,W,122,98,24,False,0
1610612758,Sacramento Kings,0022400862,"MAR 01, 2025",SAC @ HOU,W,113,103,10,False,0
1610612758,Sacramento Kings,0022400843,"FEB 26, 2025",SAC @ UTA,W,118,101,17,False,0
1610612758,Sacramento Kings,0022400828,"FEB 24, 2025",SAC vs. CHA,W,130,88,42,False,0
1610612758,Sacramento Kings,0022400805,"FEB 21, 2025",SAC vs. GSW,L,108,132,-24,False,0
1610612758,Sacramento Kings,0022400785,"FEB 13, 2025",SAC @ NOP,L,133,140,-7,True,1
1610612758,Sacramento Kings,0022400777,"FEB 12, 2025",SAC @ NOP,W,119,111,8,False,0
1610612758,Sacramento Kings,0022400762,"FEB 10, 2025",SAC @ DAL,W,129,128,1,True,1
1610612758,Sacramento Kings,0022400750,"FEB 08, 2025",SAC vs. NOP,W,123,118,5,False,0
1610612758,Sacramento Kings,0022400732,"FEB 06, 2025",SAC @ POR,L,102,108,-6,False,0
1610612758,Sacramento Kings,0022400727,"FEB 05, 2025",SAC vs. ORL,L,111,130,-19,False,0
1610612758,Sacramento Kings,0022400704,"FEB 03, 2025",SAC @ MIN,W,116,114,2,False,0
1610612758,Sacramento Kings,0022400691,"FEB 01, 2025",SAC @ OKC,L,110,144,-34,False,0
1610612758,Sacramento Kings,0022400669,"JAN 29, 2025",SAC @ PHI,L,104,117,-13,False,0
1610612758,Sacramento Kings,0022400651,"JAN 27, 2025",SAC @ BKN,W,110,96,14,False,0
1610612758,Sacramento Kings,0022400641,"JAN 25, 2025",SAC @ NYK,L,120,143,-23,False,0
1610612758,Sacramento Kings,0022400626,"JAN 23, 2025",SAC @ DEN,L,123,132,-9,False,0
1610612758,Sacramento Kings,0022400619,"JAN 22, 2025",SAC vs. GSW,W,123,117,6,False,0
1610612758,Sacramento Kings,0022400598,"JAN 19, 2025",SAC vs. WAS,W,123,100,23,False,0
1610612758,Sacramento Kings,0022400576,"JAN 16, 2025",SAC vs. HOU,W,132,127,5,False,0
1610612758,Sacramento Kings,0022400558,"JAN 14, 2025",SAC @ MIL,L,115,130,-15,False,0
1610612758,Sacramento Kings,0022400541,"JAN 12, 2025",SAC @ CHI,W,124,119,5,False,0
1610612758,Sacramento Kings,0022400528,"JAN 10, 2025",SAC @ BOS,W,114,97,17,False,0
1610612758,Sacramento Kings,0022400501,"JAN 06, 2025",SAC vs. MIA,W,123,118,5,True,2
1610612758,Sacramento Kings,0022400492,"JAN 05, 2025",SAC @ GSW,W,129,99,30,False,0
1610612758,Sacramento Kings,0022400476,"JAN 03, 2025",SAC vs. MEM,W,138,133,5,False,0
1610612758,Sacramento Kings,0022400462,"JAN 01, 2025",SAC vs. PHI,W,113,107,6,False,0
1610612758,Sacramento Kings,0022400448,"DEC 30, 2024",SAC vs. DAL,W,110,100,10,False,0
1610612758,Sacramento Kings,0022400435,"DEC 28, 2024",SAC @ LAL,L,122,132,-10,False,0
1610612758,Sacramento Kings,0022400418,"DEC 26, 2024",SAC vs. DET,L,113,114,-1,False,0
1610612758,Sacramento Kings,0022400389,"DEC 22, 2024",SAC vs. IND,L,95,122,-27,False,0
1610612758,Sacramento Kings,0022400376,"DEC 21, 2024",SAC vs. LAL,L,99,103,-4,False,0
1610612758,Sacramento Kings,0022400372,"DEC 19, 2024",SAC vs. LAL,L,100,113,-13,False,0
1610612758,Sacramento Kings,0022401225,"DEC 16, 2024",SAC vs. DEN,L,129,130,-1,False,0
1610612758,Sacramento Kings,0022401207,"DEC 12, 2024",SAC @ NOP,W,111,109,2,False,0
1610612758,Sacramento Kings,0022400357,"DEC 08, 2024",SAC vs. UTA,W,141,97,44,False,0
1610612758,Sacramento Kings,0022400337,"DEC 06, 2024",SAC @ SAS,W,140,113,27,False,0
1610612758,Sacramento Kings,0022400329,"DEC 05, 2024",SAC @ MEM,L,110,115,-5,False,0
1610612758,Sacramento Kings,0022400059,"DEC 03, 2024",SAC vs. HOU,W,120,111,9,False,0
1610612758,Sacramento Kings,0022400313,"DEC 01, 2024",SAC vs. SAS,L,125,127,-2,False,0
1610612758,Sacramento Kings,0022400049,"NOV 29, 2024",SAC @ POR,L,106,115,-9,False,0
1610612758,Sacramento Kings,0022400294,"NOV 27, 2024",SAC @ MIN,W,115,104,11,False,0
1610612758,Sacramento Kings,0022400285,"NOV 25, 2024",SAC vs. OKC,L,109,130,-21,False,0
1610612758,Sacramento Kings,0022400276,"NOV 24, 2024",SAC vs. BKN,L,103,108,-5,False,0
1610612758,Sacramento Kings,0022400034,"NOV 22, 2024",SAC @ LAC,L,88,104,-16,False,0
1610612758,Sacramento Kings,0022400250,"NOV 18, 2024",SAC vs. ATL,L,108,109,-1,False,0
1610612758,Sacramento Kings,0022400233,"NOV 16, 2024",SAC vs. UTA,W,121,117,4,False,0
1610612758,Sacramento Kings,0022400020,"NOV 15, 2024",SAC vs. MIN,L,126,130,-4,True,1
1610612758,Sacramento Kings,0022400227,"NOV 13, 2024",SAC vs. PHX,W,127,104,23,False,0
1610612758,Sacramento Kings,0022400216,"NOV 11, 2024",SAC @ SAS,L,96,116,-20,False,0
1610612758,Sacramento Kings,0022400209,"NOV 10, 2024",SAC @ PHX,W,127,118,9,True,1
1610612758,Sacramento Kings,0022400196,"NOV 08, 2024",SAC vs. LAC,L,98,107,-9,False,0
1610612758,Sacramento Kings,0022400180,"NOV 06, 2024",SAC vs. TOR,W,122,107,15,False,0
1610612758,Sacramento Kings,0022400159,"NOV 04, 2024",SAC @ MIA,W,111,110,1,False,0
1610612758,Sacramento Kings,0022400143,"NOV 02, 2024",SAC @ TOR,L,128,131,-3,True,1
1610612758,Sacramento Kings,0022400135,"NOV 01, 2024",SAC @ ATL,W,123,115,8,False,0
1610612758,Sacramento Kings,0022400115,"OCT 29, 2024",SAC @ UTA,W,113,96,17,False,0
1610612758,Sacramento Kings,0022400112,"OCT 28, 2024",SAC vs. POR,W,111,98,13,False,0
1610612758,Sacramento Kings,0022400096,"OCT 26, 2024",SAC @ LAL,L,127,131,-4,False,0
1610612758,Sacramento Kings,0022400076,"OCT 24, 2024",SAC vs. MIN,L,115,117,-2,False,0
1610612759,San Antonio Spurs,0022401197,"APR 13, 2025",SAS vs. TOR,W,125,118,7,False,0
1610612759,San Antonio Spurs,0022401182,"APR 11, 2025",SAS @ PHX,L,98,117,-19,False,0
1610612759,San Antonio Spurs,0022401163,"APR 09, 2025",SAS @ GSW,W,114,111,3,False,0
1610612759,San Antonio Spurs,0022401155,"APR 08, 2025",SAS @ LAC,L,117,122,-5,False,0
1610612759,San Antonio Spurs,0022401139,"APR 06, 2025",SAS @ POR,L,109,120,-11,False,0
1610612759,San Antonio Spurs,0022401124,"APR 04, 2025",SAS vs. CLE,L,113,114,-1,False,0
1610612759,San Antonio Spurs,0022401110,"APR 02, 2025",SAS @ DEN,W,113,106,7,False,0
1610612759,San Antonio Spurs,0022400988,"APR 01, 2025",SAS vs. ORL,L,105,116,-11,False,0
1610612759,San Antonio Spurs,0022401086,"MAR 30, 2025",SAS vs. GSW,L,106,148,-42,False,0
1610612759,San Antonio Spurs,0022401080,"MAR 29, 2025",SAS vs. BOS,L,111,121,-10,False,0
1610612759,San Antonio Spurs,0022401059,"MAR 27, 2025",SAS @ CLE,L,116,124,-8,False,0
1610612759,San Antonio Spurs,0022401046,"MAR 25, 2025",SAS @ DET,L,96,122,-26,False,0
1610612759,San Antonio Spurs,0022401033,"MAR 23, 2025",SAS @ TOR,W,123,89,34,False,0
1610612759,San Antonio Spurs,0022401018,"MAR 21, 2025",SAS vs. PHI,W,128,120,8,False,0
1610612759,San Antonio Spurs,0022401003,"MAR 19, 2025",SAS vs. NYK,W,120,105,15,False,0
1610612759,San Antonio Spurs,0022400537,"MAR 17, 2025",SAS @ LAL,L,109,125,-16,False,0
1610612759,San Antonio Spurs,0022400973,"MAR 15, 2025",SAS vs. NOP,W,119,115,4,False,0
1610612759,San Antonio Spurs,0022400964,"MAR 14, 2025",SAS vs. CHA,L,134,145,-11,False,0
1610612759,San Antonio Spurs,0022400951,"MAR 12, 2025",SAS vs. DAL,W,126,116,10,False,0
1610612759,San Antonio Spurs,0022400937,"MAR 10, 2025",SAS vs. DAL,L,129,133,-4,False,0
1610612759,San Antonio Spurs,0022400925,"MAR 09, 2025",SAS @ MIN,L,124,141,-17,False,0
1610612759,San Antonio Spurs,0022400910,"MAR 07, 2025",SAS @ SAC,L,109,127,-18,False,0
1610612759,San Antonio Spurs,0022400888,"MAR 04, 2025",SAS vs. BKN,W,127,113,14,False,0
1610612759,San Antonio Spurs,0022400871,"MAR 02, 2025",SAS vs. OKC,L,132,146,-14,False,0
1610612759,San Antonio Spurs,0022400863,"MAR 01, 2025",SAS @ MEM,W,130,128,2,False,0
1610612759,San Antonio Spurs,0022400844,"FEB 26, 2025",SAS @ HOU,L,106,118,-12,False,0
1610612759,San Antonio Spurs,0022400833,"FEB 25, 2025",SAS @ NOP,L,103,109,-6,False,0
1610612759,San Antonio Spurs,0022400818,"FEB 23, 2025",SAS @ NOP,L,96,114,-18,False,0
1610612759,San Antonio Spurs,0022400802,"FEB 21, 2025",SAS vs. DET,L,110,125,-15,False,0
1610612759,San Antonio Spurs,0022400795,"FEB 20, 2025",SAS vs. PHX,W,120,109,11,False,0
1610612759,San Antonio Spurs,0022400769,"FEB 12, 2025",SAS @ BOS,L,103,116,-13,False,0
1610612759,San Antonio Spurs,0022400757,"FEB 10, 2025",SAS @ WAS,W,131,121,10,False,0
1610612759,San Antonio Spurs,0022400743,"FEB 08, 2025",SAS @ ORL,L,111,112,-1,False,0
1610612759,San Antonio Spurs,0022400734,"FEB 07, 2025",SAS @ CHA,L,116,117,-1,False,0
1610612759,San Antonio Spurs,0022400719,"FEB 05, 2025",SAS @ ATL,W,126,125,1,False,0
1610612759,San Antonio Spurs,0022400703,"FEB 03, 2025",SAS @ MEM,L,109,128,-19,False,0
1610612759,San Antonio Spurs,0022400693,"FEB 01, 2025",SAS vs. MIA,L,103,105,-2,False,0
1610612759,San Antonio Spurs,0022400684,"JAN 31, 2025",SAS vs. MIL,W,144,118,26,False,0
1610612759,San Antonio Spurs,0022400671,"JAN 29, 2025",SAS vs. LAC,L,116,128,-12,False,0
1610612759,San Antonio Spurs,0022400633,"JAN 25, 2025",SAS vs. IND,L,98,136,-38,False,0
1610612759,San Antonio Spurs,0022400621,"JAN 23, 2025",SAS @ IND,W,140,110,30,False,0
1610612759,San Antonio Spurs,0022400592,"JAN 19, 2025",SAS @ MIA,L,107,128,-21,False,0
1610612759,San Antonio Spurs,0022400582,"JAN 17, 2025",SAS vs. MEM,L,112,140,-28,False,0
1610612759,San Antonio Spurs,0022400567,"JAN 15, 2025",SAS vs. MEM,L,115,129,-14,False,0
1610612759,San Antonio Spurs,0022400552,"JAN 13, 2025",SAS @ LAL,W,126,102,24,False,0
1610612759,San Antonio Spurs,0022400516,"JAN 08, 2025",SAS @ MIL,L,105,121,-16,False,0
1610612759,San Antonio Spurs,0022400498,"JAN 06, 2025",SAS @ CHI,L,110,114,-4,False,0
1610612759,San Antonio Spurs,0022400484,"JAN 04, 2025",SAS vs. DEN,L,111,122,-11,True,1
1610612759,San Antonio Spurs,0022400475,"JAN 03, 2025",SAS @ DEN,W,113,110,3,False,0
1610612759,San Antonio Spurs,0022400451,"DEC 31, 2024",SAS vs. LAC,W,122,86,36,False,0
1610612759,San Antonio Spurs,0022400441,"DEC 29, 2024",SAS @ MIN,L,110,112,-2,False,0
1610612759,San Antonio Spurs,0022400421,"DEC 27, 2024",SAS @ BKN,W,96,87,9,False,0
1610612759,San Antonio Spurs,0022400405,"DEC 25, 2024",SAS @ NYK,L,114,117,-3,False,0
1610612759,San Antonio Spurs,0022400394,"DEC 23, 2024",SAS @ PHI,L,106,111,-5,False,0
1610612759,San Antonio Spurs,0022400386,"DEC 21, 2024",SAS vs. POR,W,114,94,20,False,0
1610612759,San Antonio Spurs,0022400370,"DEC 19, 2024",SAS vs. ATL,W,133,126,7,True,1
1610612759,San Antonio Spurs,0022401218,"DEC 15, 2024",SAS vs. MIN,L,92,106,-14,False,0
1610612759,San Antonio Spurs,0022401215,"DEC 13, 2024",SAS @ POR,W,118,116,2,False,0
1610612759,San Antonio Spurs,0022400354,"DEC 08, 2024",SAS vs. NOP,W,121,116,5,False,0
1610612759,San Antonio Spurs,0022400337,"DEC 06, 2024",SAS vs. SAC,L,113,140,-27,False,0
1610612759,San Antonio Spurs,0022400331,"DEC 05, 2024",SAS vs. CHI,L,124,139,-15,False,0
1610612759,San Antonio Spurs,0022400057,"DEC 03, 2024",SAS @ PHX,L,93,104,-11,False,0
1610612759,San Antonio Spurs,0022400313,"DEC 01, 2024",SAS @ SAC,W,127,125,2,False,0
1610612759,San Antonio Spurs,0022400296,"NOV 27, 2024",SAS vs. LAL,L,101,119,-18,False,0
1610612759,San Antonio Spurs,0022400038,"NOV 26, 2024",SAS @ UTA,W,128,115,13,False,0
1610612759,San Antonio Spurs,0022400269,"NOV 23, 2024",SAS vs. GSW,W,104,94,10,False,0
1610612759,San Antonio Spurs,0022400262,"NOV 21, 2024",SAS vs. UTA,W,126,118,8,False,0
1610612759,San Antonio Spurs,0022400025,"NOV 19, 2024",SAS vs. OKC,W,110,104,6,False,0
1610612759,San Antonio Spurs,0022400232,"NOV 16, 2024",SAS @ DAL,L,93,110,-17,False,0
1610612759,San Antonio Spurs,0022400015,"NOV 15, 2024",SAS vs. LAL,L,115,120,-5,False,0
1610612759,San Antonio Spurs,0022400224,"NOV 13, 2024",SAS vs. WAS,W,139,130,9,False,0
1610612759,San Antonio Spurs,0022400216,"NOV 11, 2024",SAS vs. SAC,W,116,96,20,False,0
1610612759,San Antonio Spurs,0022400197,"NOV 09, 2024",SAS vs. UTA,L,110,111,-1,False,0
1610612759,San Antonio Spurs,0022400183,"NOV 07, 2024",SAS vs. POR,W,118,105,13,False,0
1610612759,San Antonio Spurs,0022400173,"NOV 06, 2024",SAS @ HOU,L,100,127,-27,False,0
1610612759,San Antonio Spurs,0022400168,"NOV 04, 2024",SAS @ LAC,L,104,113,-9,False,0
1610612759,San Antonio Spurs,0022400146,"NOV 02, 2024",SAS vs. MIN,W,113,103,10,False,0
1610612759,San Antonio Spurs,0022400130,"OCT 31, 2024",SAS @ UTA,W,106,88,18,False,0
1610612759,San Antonio Spurs,0022400125,"OCT 30, 2024",SAS @ OKC,L,93,105,-12,False,0
1610612759,San Antonio Spurs,0022400109,"OCT 28, 2024",SAS vs. HOU,L,101,106,-5,False,0
1610612759,San Antonio Spurs,0022400094,"OCT 26, 2024",SAS vs. HOU,W,109,106,3,False,0
1610612759,San Antonio Spurs,0022400074,"OCT 24, 2024",SAS @ DAL,L,109,120,-11,False,0
1610612760,Oklahoma City Thunder,0022401196,"APR 13, 2025",OKC @ NOP,W,115,100,15,False,0
1610612760,Oklahoma City Thunder,0022401181,"APR 11, 2025",OKC @ UTA,W,145,111,34,False,0
1610612760,Oklahoma City Thunder,0022401164,"APR 09, 2025",OKC @ PHX,W,125,112,13,False,0
1610612760,Oklahoma City Thunder,0022401153,"APR 08, 2025",OKC vs. LAL,W,136,120,16,False,0
1610612760,Oklahoma City Thunder,0022401135,"APR 06, 2025",OKC vs. LAL,L,99,126,-27,False,0
1610612760,Oklahoma City Thunder,0022401123,"APR 04, 2025",OKC @ HOU,L,111,125,-14,False,0
1610612760,Oklahoma City Thunder,0022401108,"APR 02, 2025",OKC vs. DET,W,119,103,16,False,0
1610612760,Oklahoma City Thunder,0022401094,"MAR 31, 2025",OKC vs. CHI,W,145,117,28,False,0
1610612760,Oklahoma City Thunder,0022401079,"MAR 29, 2025",OKC vs. IND,W,132,111,21,False,0
1610612760,Oklahoma City Thunder,0022401064,"MAR 27, 2025",OKC vs. MEM,W,125,104,21,False,0
1610612760,Oklahoma City Thunder,0022401052,"MAR 25, 2025",OKC @ SAC,W,121,105,16,False,0
1610612760,Oklahoma City Thunder,0022401036,"MAR 23, 2025",OKC @ LAC,W,103,101,2,False,0
1610612760,Oklahoma City Thunder,0022401017,"MAR 21, 2025",OKC vs. CHA,W,141,106,35,False,0
1610612760,Oklahoma City Thunder,0022401002,"MAR 19, 2025",OKC vs. PHI,W,133,100,33,False,0
1610612760,Oklahoma City Thunder,0022400982,"MAR 16, 2025",OKC @ MIL,W,121,105,16,False,0
1610612760,Oklahoma City Thunder,0022400969,"MAR 15, 2025",OKC @ DET,W,113,107,6,False,0
1610612760,Oklahoma City Thunder,0022400946,"MAR 12, 2025",OKC @ BOS,W,118,112,6,False,0
1610612760,Oklahoma City Thunder,0022400936,"MAR 10, 2025",OKC vs. DEN,L,127,140,-13,False,0
1610612760,Oklahoma City Thunder,0022400920,"MAR 09, 2025",OKC vs. DEN,W,127,103,24,False,0
1610612760,Oklahoma City Thunder,0022400908,"MAR 07, 2025",OKC vs. POR,W,107,89,18,False,0
1610612760,Oklahoma City Thunder,0022400895,"MAR 05, 2025",OKC @ MEM,W,120,103,17,False,0
1610612760,Oklahoma City Thunder,0022400879,"MAR 03, 2025",OKC vs. HOU,W,137,128,9,False,0
1610612760,Oklahoma City Thunder,0022400871,"MAR 02, 2025",OKC @ SAS,W,146,132,14,False,0
1610612760,Oklahoma City Thunder,0022400851,"FEB 28, 2025",OKC @ ATL,W,135,119,16,False,0
1610612760,Oklahoma City Thunder,0022400840,"FEB 26, 2025",OKC @ BKN,W,129,121,8,False,0
1610612760,Oklahoma City Thunder,0022400826,"FEB 24, 2025",OKC vs. MIN,L,128,131,-3,True,1
1610612760,Oklahoma City Thunder,0022400820,"FEB 23, 2025",OKC @ MIN,W,130,123,7,False,0
1610612760,Oklahoma City Thunder,0022400804,"FEB 21, 2025",OKC @ UTA,W,130,107,23,False,0
1610612760,Oklahoma City Thunder,0022400787,"FEB 13, 2025",OKC @ MIN,L,101,116,-15,False,0
1610612760,Oklahoma City Thunder,0022400778,"FEB 12, 2025",OKC vs. MIA,W,115,101,14,False,0
1610612760,Oklahoma City Thunder,0022400761,"FEB 10, 2025",OKC vs. NOP,W,137,101,36,False,0
1610612760,Oklahoma City Thunder,0022400746,"FEB 08, 2025",OKC @ MEM,W,125,112,13,False,0
1610612760,Oklahoma City Thunder,0022400739,"FEB 07, 2025",OKC vs. TOR,W,121,109,12,False,0
1610612760,Oklahoma City Thunder,0022400724,"FEB 05, 2025",OKC vs. PHX,W,140,109,31,False,0
1610612760,Oklahoma City Thunder,0022400705,"FEB 03, 2025",OKC vs. MIL,W,125,96,29,False,0
1610612760,Oklahoma City Thunder,0022400691,"FEB 01, 2025",OKC vs. SAC,W,144,110,34,False,0
1610612760,Oklahoma City Thunder,0022400673,"JAN 29, 2025",OKC @ GSW,L,109,116,-7,False,0
1610612760,Oklahoma City Thunder,0022400647,"JAN 26, 2025",OKC @ POR,W,118,108,10,False,0
1610612760,Oklahoma City Thunder,0022400625,"JAN 23, 2025",OKC vs. DAL,L,115,121,-6,False,0
1610612760,Oklahoma City Thunder,0022400618,"JAN 22, 2025",OKC vs. UTA,W,123,114,9,False,0
1610612760,Oklahoma City Thunder,0022400595,"JAN 19, 2025",OKC vs. BKN,W,127,101,26,False,0
1610612760,Oklahoma City Thunder,0022400583,"JAN 17, 2025",OKC @ DAL,L,98,106,-8,False,0
1610612760,Oklahoma City Thunder,0022400574,"JAN 16, 2025",OKC vs. CLE,W,134,114,20,False,0
1610612760,Oklahoma City Thunder,0022400555,"JAN 14, 2025",OKC @ PHI,W,118,102,16,False,0
1610612760,Oklahoma City Thunder,0022400545,"JAN 12, 2025",OKC @ WAS,W,136,95,41,False,0
1610612760,Oklahoma City Thunder,0022400529,"JAN 10, 2025",OKC @ NYK,W,126,101,25,False,0
1610612760,Oklahoma City Thunder,0022400509,"JAN 08, 2025",OKC @ CLE,L,122,129,-7,False,0
1610612760,Oklahoma City Thunder,0022400487,"JAN 05, 2025",OKC vs. BOS,W,105,92,13,False,0
1610612760,Oklahoma City Thunder,0022400473,"JAN 03, 2025",OKC vs. NYK,W,117,107,10,False,0
1610612760,Oklahoma City Thunder,0022400466,"JAN 02, 2025",OKC vs. LAC,W,116,98,18,False,0
1610612760,Oklahoma City Thunder,0022400452,"DEC 31, 2024",OKC vs. MIN,W,113,105,8,False,0
1610612760,Oklahoma City Thunder,0022400440,"DEC 29, 2024",OKC vs. MEM,W,130,106,24,False,0
1610612760,Oklahoma City Thunder,0022400428,"DEC 28, 2024",OKC @ CHA,W,106,94,12,False,0
1610612760,Oklahoma City Thunder,0022400410,"DEC 26, 2024",OKC @ IND,W,120,114,6,False,0
1610612760,Oklahoma City Thunder,0022400400,"DEC 23, 2024",OKC vs. WAS,W,123,105,18,False,0
1610612760,Oklahoma City Thunder,0022400375,"DEC 20, 2024",OKC @ MIA,W,104,97,7,False,0
1610612760,Oklahoma City Thunder,0022400361,"DEC 19, 2024",OKC @ ORL,W,105,99,6,False,0
1610612760,Oklahoma City Thunder,0022401230,"DEC 14, 2024",OKC vs. HOU,W,111,96,15,False,0
1610612760,Oklahoma City Thunder,0022401203,"DEC 10, 2024",OKC vs. DAL,W,118,104,14,False,0
1610612760,Oklahoma City Thunder,0022400342,"DEC 07, 2024",OKC @ NOP,W,119,109,10,False,0
1610612760,Oklahoma City Thunder,0022400328,"DEC 05, 2024",OKC @ TOR,W,129,92,37,False,0
1610612760,Oklahoma City Thunder,0022400055,"DEC 03, 2024",OKC vs. UTA,W,133,106,27,False,0
1610612760,Oklahoma City Thunder,0022400310,"DEC 01, 2024",OKC @ HOU,L,116,119,-3,False,0
1610612760,Oklahoma City Thunder,0022400048,"NOV 29, 2024",OKC @ LAL,W,101,93,8,False,0
1610612760,Oklahoma City Thunder,0022400299,"NOV 27, 2024",OKC @ GSW,W,105,101,4,False,0
1610612760,Oklahoma City Thunder,0022400285,"NOV 25, 2024",OKC @ SAC,W,130,109,21,False,0
1610612760,Oklahoma City Thunder,0022400256,"NOV 20, 2024",OKC vs. POR,W,109,99,10,False,0
1610612760,Oklahoma City Thunder,0022400025,"NOV 19, 2024",OKC @ SAS,L,104,110,-6,False,0
1610612760,Oklahoma City Thunder,0022400242,"NOV 17, 2024",OKC vs. DAL,L,119,121,-2,False,0
1610612760,Oklahoma City Thunder,0022400018,"NOV 15, 2024",OKC vs. PHX,W,99,83,16,False,0
1610612760,Oklahoma City Thunder,0022400221,"NOV 13, 2024",OKC vs. NOP,W,106,88,18,False,0
1610612760,Oklahoma City Thunder,0022400215,"NOV 11, 2024",OKC vs. LAC,W,134,128,6,False,0
1610612760,Oklahoma City Thunder,0022400207,"NOV 10, 2024",OKC vs. GSW,L,116,127,-11,False,0
1610612760,Oklahoma City Thunder,0022400192,"NOV 08, 2024",OKC vs. HOU,W,126,107,19,False,0
1610612760,Oklahoma City Thunder,0022400177,"NOV 06, 2024",OKC @ DEN,L,122,124,-2,False,0
1610612760,Oklahoma City Thunder,0022400163,"NOV 04, 2024",OKC vs. ORL,W,102,86,16,False,0
1610612760,Oklahoma City Thunder,0022400150,"NOV 02, 2024",OKC @ LAC,W,105,92,13,False,0
1610612760,Oklahoma City Thunder,0022400140,"NOV 01, 2024",OKC @ POR,W,137,114,23,False,0
1610612760,Oklahoma City Thunder,0022400125,"OCT 30, 2024",OKC vs. SAS,W,105,93,12,False,0
1610612760,Oklahoma City Thunder,0022400100,"OCT 27, 2024",OKC vs. ATL,W,128,104,24,False,0
1610612760,Oklahoma City Thunder,0022400091,"OCT 26, 2024",OKC @ CHI,W,114,95,19,False,0
1610612760,Oklahoma City Thunder,0022400075,"OCT 24, 2024",OKC @ DEN,W,102,87,15,False,0
1610612761,Toronto Raptors,0022401197,"APR 13, 2025",TOR @ SAS,L,118,125,-7,False,0
1610612761,Toronto Raptors,0022401178,"APR 11, 2025",TOR @ DAL,L,102,124,-22,False,0
1610612761,Toronto Raptors,0022401158,"APR 09, 2025",TOR vs. CHA,W,126,96,30,False,0
1610612761,Toronto Raptors,0022401134,"APR 06, 2025",TOR @ BKN,W,120,109,11,False,0
1610612761,Toronto Raptors,0022401121,"APR 04, 2025",TOR vs. DET,L,105,117,-12,False,0
1610612761,Toronto Raptors,0022401116,"APR 03, 2025",TOR vs. POR,L,103,112,-9,False,0
1610612761,Toronto Raptors,0022401099,"APR 01, 2025",TOR @ CHI,L,118,137,-19,False,0
1610612761,Toronto Raptors,0022401087,"MAR 30, 2025",TOR @ PHI,W,127,109,18,False,0
1610612761,Toronto Raptors,0022401069,"MAR 28, 2025",TOR vs. CHA,W,108,97,11,False,0
1610612761,Toronto Raptors,0022401054,"MAR 26, 2025",TOR @ BKN,W,116,86,30,False,0
1610612761,Toronto Raptors,0022401039,"MAR 24, 2025",TOR @ WAS,W,112,104,8,False,0
1610612761,Toronto Raptors,0022401033,"MAR 23, 2025",TOR vs. SAS,L,89,123,-34,False,0
1610612761,Toronto Raptors,0022401005,"MAR 20, 2025",TOR @ GSW,L,114,117,-3,False,0
1610612761,Toronto Raptors,0022400991,"MAR 17, 2025",TOR @ PHX,L,89,129,-40,False,0
1610612761,Toronto Raptors,0022400980,"MAR 16, 2025",TOR @ POR,L,102,105,-3,False,0
1610612761,Toronto Raptors,0022400966,"MAR 14, 2025",TOR @ UTA,W,126,118,8,False,0
1610612761,Toronto Raptors,0022400947,"MAR 12, 2025",TOR vs. PHI,W,118,105,13,False,0
1610612761,Toronto Raptors,0022400932,"MAR 10, 2025",TOR vs. WAS,W,119,104,15,False,0
1610612761,Toronto Raptors,0022400915,"MAR 08, 2025",TOR vs. WAS,L,117,118,-1,False,0
1610612761,Toronto Raptors,0022400905,"MAR 07, 2025",TOR vs. UTA,W,118,109,9,False,0
1610612761,Toronto Raptors,0022400883,"MAR 04, 2025",TOR @ ORL,W,114,113,1,False,0
1610612761,Toronto Raptors,0022400870,"MAR 02, 2025",TOR @ ORL,W,104,102,2,False,0
1610612761,Toronto Raptors,0022400855,"FEB 28, 2025",TOR @ CHI,L,115,125,-10,True,1
1610612761,Toronto Raptors,0022400837,"FEB 26, 2025",TOR @ IND,L,91,111,-20,False,0
1610612761,Toronto Raptors,0022400829,"FEB 25, 2025",TOR vs. BOS,L,101,111,-10,False,0
1610612761,Toronto Raptors,0022400816,"FEB 23, 2025",TOR vs. PHX,W,127,109,18,False,0
1610612761,Toronto Raptors,0022400800,"FEB 21, 2025",TOR vs. MIA,L,111,120,-9,True,1
1610612761,Toronto Raptors,0022400774,"FEB 12, 2025",TOR vs. CLE,L,108,131,-23,False,0
1610612761,Toronto Raptors,0022400764,"FEB 11, 2025",TOR @ PHI,W,106,103,3,False,0
1610612761,Toronto Raptors,0022400753,"FEB 09, 2025",TOR @ HOU,L,87,94,-7,False,0
1610612761,Toronto Raptors,0022400739,"FEB 07, 2025",TOR @ OKC,L,109,121,-12,False,0
1610612761,Toronto Raptors,0022400722,"FEB 05, 2025",TOR vs. MEM,L,107,138,-31,False,0
1610612761,Toronto Raptors,0022400713,"FEB 04, 2025",TOR vs. NYK,L,115,121,-6,False,0
1610612761,Toronto Raptors,0022400697,"FEB 02, 2025",TOR vs. LAC,W,115,108,7,False,0
1610612761,Toronto Raptors,0022400682,"JAN 31, 2025",TOR vs. CHI,L,106,122,-16,False,0
1610612761,Toronto Raptors,0022400665,"JAN 29, 2025",TOR @ WAS,W,106,82,24,False,0
1610612761,Toronto Raptors,0022400654,"JAN 27, 2025",TOR vs. NOP,W,113,104,9,False,0
1610612761,Toronto Raptors,0022400639,"JAN 25, 2025",TOR @ ATL,W,117,94,23,False,0
1610612761,Toronto Raptors,0022400623,"JAN 23, 2025",TOR @ ATL,W,122,119,3,False,0
1610612761,Toronto Raptors,0022400608,"JAN 21, 2025",TOR vs. ORL,W,109,93,16,False,0
1610612761,Toronto Raptors,0022400580,"JAN 17, 2025",TOR @ MIL,L,112,130,-18,False,0
1610612761,Toronto Raptors,0022400562,"JAN 15, 2025",TOR vs. BOS,W,110,97,13,False,0
1610612761,Toronto Raptors,0022400550,"JAN 13, 2025",TOR vs. GSW,W,104,101,3,False,0
1610612761,Toronto Raptors,0022400534,"JAN 11, 2025",TOR @ DET,L,114,123,-9,False,0
1610612761,Toronto Raptors,0022400517,"JAN 09, 2025",TOR @ CLE,L,126,132,-6,False,0
1610612761,Toronto Raptors,0022400511,"JAN 08, 2025",TOR @ NYK,L,98,112,-14,False,0
1610612761,Toronto Raptors,0022400497,"JAN 06, 2025",TOR vs. MIL,L,104,128,-24,False,0
1610612761,Toronto Raptors,0022400470,"JAN 03, 2025",TOR vs. ORL,L,97,106,-9,False,0
1610612761,Toronto Raptors,0022400459,"JAN 01, 2025",TOR vs. BKN,W,130,113,17,False,0
1610612761,Toronto Raptors,0022400449,"DEC 31, 2024",TOR @ BOS,L,71,125,-54,False,0
1610612761,Toronto Raptors,0022400438,"DEC 29, 2024",TOR vs. ATL,L,107,136,-29,False,0
1610612761,Toronto Raptors,0022400414,"DEC 26, 2024",TOR @ MEM,L,126,155,-29,False,0
1610612761,Toronto Raptors,0022400397,"DEC 23, 2024",TOR @ NYK,L,125,139,-14,False,0
1610612761,Toronto Raptors,0022400388,"DEC 22, 2024",TOR vs. HOU,L,110,114,-4,False,0
1610612761,Toronto Raptors,0022400364,"DEC 19, 2024",TOR vs. BKN,L,94,101,-7,False,0
1610612761,Toronto Raptors,0022401223,"DEC 16, 2024",TOR vs. CHI,L,121,122,-1,False,0
1610612761,Toronto Raptors,0022401206,"DEC 12, 2024",TOR @ MIA,L,104,114,-10,False,0
1610612761,Toronto Raptors,0022400359,"DEC 09, 2024",TOR vs. NYK,L,108,113,-5,False,0
1610612761,Toronto Raptors,0022400344,"DEC 07, 2024",TOR vs. DAL,L,118,125,-7,False,0
1610612761,Toronto Raptors,0022400328,"DEC 05, 2024",TOR vs. OKC,L,92,129,-37,False,0
1610612761,Toronto Raptors,0022400054,"DEC 03, 2024",TOR vs. IND,W,122,111,11,False,0
1610612761,Toronto Raptors,0022400309,"DEC 01, 2024",TOR vs. MIA,W,119,116,3,False,0
1610612761,Toronto Raptors,0022400046,"NOV 29, 2024",TOR @ MIA,L,111,121,-10,False,0
1610612761,Toronto Raptors,0022400295,"NOV 27, 2024",TOR @ NOP,W,119,93,26,False,0
1610612761,Toronto Raptors,0022400278,"NOV 25, 2024",TOR @ DET,L,100,102,-2,False,0
1610612761,Toronto Raptors,0022400275,"NOV 24, 2024",TOR @ CLE,L,108,122,-14,False,0
1610612761,Toronto Raptors,0022400261,"NOV 21, 2024",TOR vs. MIN,W,110,105,5,False,0
1610612761,Toronto Raptors,0022400247,"NOV 18, 2024",TOR vs. IND,W,130,119,11,False,0
1610612761,Toronto Raptors,0022400230,"NOV 16, 2024",TOR @ BOS,L,123,126,-3,True,1
1610612761,Toronto Raptors,0022400011,"NOV 15, 2024",TOR vs. DET,L,95,99,-4,False,0
1610612761,Toronto Raptors,0022400005,"NOV 12, 2024",TOR @ MIL,L,85,99,-14,False,0
1610612761,Toronto Raptors,0022400211,"NOV 10, 2024",TOR @ LAL,L,103,123,-20,False,0
1610612761,Toronto Raptors,0022400200,"NOV 09, 2024",TOR @ LAC,L,103,105,-2,False,0
1610612761,Toronto Raptors,0022400180,"NOV 06, 2024",TOR @ SAC,L,107,122,-15,False,0
1610612761,Toronto Raptors,0022400166,"NOV 04, 2024",TOR @ DEN,L,119,121,-2,False,0
1610612761,Toronto Raptors,0022400143,"NOV 02, 2024",TOR vs. SAC,W,131,128,3,True,1
1610612761,Toronto Raptors,0022400137,"NOV 01, 2024",TOR vs. LAL,L,125,131,-6,False,0
1610612761,Toronto Raptors,0022400117,"OCT 30, 2024",TOR @ CHA,L,133,138,-5,False,0
1610612761,Toronto Raptors,0022400107,"OCT 28, 2024",TOR vs. DEN,L,125,127,-2,True,1
1610612761,Toronto Raptors,0022400093,"OCT 26, 2024",TOR @ MIN,L,101,112,-11,False,0
1610612761,Toronto Raptors,0022400078,"OCT 25, 2024",TOR vs. PHI,W,115,107,8,False,0
1610612761,Toronto Raptors,0022400067,"OCT 23, 2024",TOR vs. CLE,L,106,136,-30,False,0
1610612762,Utah Jazz,0022401195,"APR 13, 2025",UTA @ MIN,L,105,116,-11,False,0
1610612762,Utah Jazz,0022401181,"APR 11, 2025",UTA vs. OKC,L,111,145,-34,False,0
1610612762,Utah Jazz,0022401162,"APR 09, 2025",UTA vs. POR,W,133,126,7,True,1
1610612762,Utah Jazz,0022401136,"APR 06, 2025",UTA @ ATL,L,134,147,-13,False,0
1610612762,Utah Jazz,0022401119,"APR 04, 2025",UTA @ IND,L,112,140,-28,False,0
1610612762,Utah Jazz,0022401107,"APR 02, 2025",UTA @ HOU,L,105,143,-38,False,0
1610612762,Utah Jazz,0022401089,"MAR 31, 2025",UTA @ CHA,L,106,110,-4,False,0
1610612762,Utah Jazz,0022401073,"MAR 28, 2025",UTA @ DEN,L,93,129,-36,False,0
1610612762,Utah Jazz,0022401065,"MAR 27, 2025",UTA vs. HOU,L,110,121,-11,False,0
1610612762,Utah Jazz,0022401050,"MAR 25, 2025",UTA vs. MEM,L,103,140,-37,False,0
1610612762,Utah Jazz,0022401030,"MAR 23, 2025",UTA vs. CLE,L,91,120,-29,False,0
1610612762,Utah Jazz,0022401020,"MAR 21, 2025",UTA vs. BOS,L,99,121,-22,False,0
1610612762,Utah Jazz,0022400627,"MAR 19, 2025",UTA vs. WAS,W,128,112,16,False,0
1610612762,Utah Jazz,0022400989,"MAR 17, 2025",UTA vs. CHI,L,97,111,-14,False,0
1610612762,Utah Jazz,0022400981,"MAR 16, 2025",UTA @ MIN,L,102,128,-26,False,0
1610612762,Utah Jazz,0022400966,"MAR 14, 2025",UTA vs. TOR,L,118,126,-8,False,0
1610612762,Utah Jazz,0022400950,"MAR 12, 2025",UTA @ MEM,L,115,122,-7,False,0
1610612762,Utah Jazz,0022400929,"MAR 10, 2025",UTA @ BOS,L,108,114,-6,False,0
1610612762,Utah Jazz,0022400924,"MAR 09, 2025",UTA @ PHI,L,122,126,-4,False,0
1610612762,Utah Jazz,0022400905,"MAR 07, 2025",UTA @ TOR,L,109,118,-9,False,0
1610612762,Utah Jazz,0022400894,"MAR 05, 2025",UTA @ WAS,L,122,125,-3,False,0
1610612762,Utah Jazz,0022400881,"MAR 03, 2025",UTA vs. DET,L,106,134,-28,False,0
1610612762,Utah Jazz,0022400872,"MAR 02, 2025",UTA vs. NOP,L,121,128,-7,False,0
1610612762,Utah Jazz,0022400858,"FEB 28, 2025",UTA vs. MIN,W,117,116,1,False,0
1610612762,Utah Jazz,0022400843,"FEB 26, 2025",UTA vs. SAC,L,101,118,-17,False,0
1610612762,Utah Jazz,0022400827,"FEB 24, 2025",UTA vs. POR,L,112,114,-2,False,0
1610612762,Utah Jazz,0022400809,"FEB 22, 2025",UTA vs. HOU,W,124,115,9,False,0
1610612762,Utah Jazz,0022400804,"FEB 21, 2025",UTA vs. OKC,L,107,130,-23,False,0
1610612762,Utah Jazz,0022401004,"FEB 13, 2025",UTA vs. LAC,L,116,120,-4,True,1
1610612762,Utah Jazz,0022400781,"FEB 12, 2025",UTA vs. LAL,W,131,119,12,False,0
1610612762,Utah Jazz,0022400768,"FEB 10, 2025",UTA @ LAL,L,113,132,-19,False,0
1610612762,Utah Jazz,0022400751,"FEB 08, 2025",UTA @ LAC,L,110,130,-20,False,0
1610612762,Utah Jazz,0022400740,"FEB 07, 2025",UTA @ PHX,L,127,135,-8,True,1
1610612762,Utah Jazz,0022400725,"FEB 05, 2025",UTA vs. GSW,W,131,128,3,False,0
1610612762,Utah Jazz,0022400707,"FEB 03, 2025",UTA vs. IND,L,111,112,-1,False,0
1610612762,Utah Jazz,0022400687,"FEB 01, 2025",UTA vs. ORL,W,113,99,14,False,0
1610612762,Utah Jazz,0022400677,"JAN 30, 2025",UTA vs. MIN,L,113,138,-25,False,0
1610612762,Utah Jazz,0022400661,"JAN 28, 2025",UTA @ GSW,L,103,114,-11,False,0
1610612762,Utah Jazz,0022400658,"JAN 27, 2025",UTA vs. MIL,L,110,125,-15,False,0
1610612762,Utah Jazz,0022400643,"JAN 25, 2025",UTA @ MEM,L,103,125,-22,False,0
1610612762,Utah Jazz,0022400618,"JAN 22, 2025",UTA @ OKC,L,114,123,-9,False,0
1610612762,Utah Jazz,0022400605,"JAN 20, 2025",UTA @ NOP,L,119,123,-4,True,1
1610612762,Utah Jazz,0022400581,"JAN 17, 2025",UTA @ NOP,L,123,136,-13,False,0
1610612762,Utah Jazz,0022400569,"JAN 15, 2025",UTA vs. CHA,L,112,117,-5,False,0
1610612762,Utah Jazz,0022400546,"JAN 12, 2025",UTA vs. BKN,W,112,111,1,True,1
1610612762,Utah Jazz,0022400533,"JAN 11, 2025",UTA @ PHX,L,106,114,-8,False,0
1610612762,Utah Jazz,0022400523,"JAN 09, 2025",UTA vs. MIA,L,92,97,-5,False,0
1610612762,Utah Jazz,0022400506,"JAN 07, 2025",UTA vs. ATL,L,121,124,-3,False,0
1610612762,Utah Jazz,0022400490,"JAN 05, 2025",UTA @ ORL,W,105,92,13,False,0
1610612762,Utah Jazz,0022400481,"JAN 04, 2025",UTA @ MIA,W,136,100,36,False,0
1610612762,Utah Jazz,0022400458,"JAN 01, 2025",UTA @ NYK,L,103,119,-16,False,0
1610612762,Utah Jazz,0022400445,"DEC 30, 2024",UTA vs. DEN,L,121,132,-11,False,0
1610612762,Utah Jazz,0022400433,"DEC 28, 2024",UTA vs. PHI,L,111,114,-3,False,0
1610612762,Utah Jazz,0022400417,"DEC 26, 2024",UTA @ POR,L,120,122,-2,False,0
1610612762,Utah Jazz,0022400392,"DEC 23, 2024",UTA @ CLE,L,113,124,-11,False,0
1610612762,Utah Jazz,0022400379,"DEC 21, 2024",UTA @ BKN,W,105,94,11,False,0
1610612762,Utah Jazz,0022400360,"DEC 19, 2024",UTA @ DET,W,126,119,7,False,0
1610612762,Utah Jazz,0022401226,"DEC 16, 2024",UTA @ LAC,L,107,144,-37,False,0
1610612762,Utah Jazz,0022401214,"DEC 13, 2024",UTA vs. PHX,L,126,134,-8,False,0
1610612762,Utah Jazz,0022400357,"DEC 08, 2024",UTA @ SAC,L,97,141,-44,False,0
1610612762,Utah Jazz,0022400339,"DEC 06, 2024",UTA @ POR,W,141,99,42,False,0
1610612762,Utah Jazz,0022400055,"DEC 03, 2024",UTA @ OKC,L,106,133,-27,False,0
1610612762,Utah Jazz,0022400311,"DEC 01, 2024",UTA vs. LAL,L,104,105,-1,False,0
1610612762,Utah Jazz,0022400304,"NOV 30, 2024",UTA vs. DAL,L,94,106,-12,False,0
1610612762,Utah Jazz,0022400298,"NOV 27, 2024",UTA vs. DEN,L,103,122,-19,False,0
1610612762,Utah Jazz,0022400038,"NOV 26, 2024",UTA vs. SAS,L,115,128,-13,False,0
1610612762,Utah Jazz,0022400264,"NOV 23, 2024",UTA vs. NYK,W,121,106,15,False,0
1610612762,Utah Jazz,0022400262,"NOV 21, 2024",UTA @ SAS,L,118,126,-8,False,0
1610612762,Utah Jazz,0022400026,"NOV 19, 2024",UTA @ LAL,L,118,124,-6,False,0
1610612762,Utah Jazz,0022400243,"NOV 17, 2024",UTA @ LAC,L,105,116,-11,False,0
1610612762,Utah Jazz,0022400233,"NOV 16, 2024",UTA @ SAC,L,117,121,-4,False,0
1610612762,Utah Jazz,0022400228,"NOV 14, 2024",UTA vs. DAL,W,115,113,2,False,0
1610612762,Utah Jazz,0022400006,"NOV 12, 2024",UTA vs. PHX,L,112,120,-8,False,0
1610612762,Utah Jazz,0022400197,"NOV 09, 2024",UTA @ SAS,W,111,110,1,False,0
1610612762,Utah Jazz,0022400182,"NOV 07, 2024",UTA @ MIL,L,100,123,-23,False,0
1610612762,Utah Jazz,0022400160,"NOV 04, 2024",UTA @ CHI,W,135,126,9,False,0
1610612762,Utah Jazz,0022400148,"NOV 02, 2024",UTA @ DEN,L,103,129,-26,False,0
1610612762,Utah Jazz,0022400130,"OCT 31, 2024",UTA vs. SAS,L,88,106,-18,False,0
1610612762,Utah Jazz,0022400115,"OCT 29, 2024",UTA vs. SAC,L,96,113,-17,False,0
1610612762,Utah Jazz,0022400110,"OCT 28, 2024",UTA @ DAL,L,102,110,-8,False,0
1610612762,Utah Jazz,0022400084,"OCT 25, 2024",UTA vs. GSW,L,86,127,-41,False,0
1610612762,Utah Jazz,0022400070,"OCT 23, 2024",UTA vs. MEM,L,124,126,-2,False,0
1610612763,Memphis Grizzlies,0022401194,"APR 13, 2025",MEM vs. DAL,W,132,97,35,False,0
1610612763,Memphis Grizzlies,0022401180,"APR 11, 2025",MEM @ DEN,L,109,117,-8,False,0
1610612763,Memphis Grizzlies,0022401170,"APR 10, 2025",MEM vs. MIN,L,125,141,-16,False,0
1610612763,Memphis Grizzlies,0022401146,"APR 08, 2025",MEM @ CHA,W,124,100,24,False,0
1610612763,Memphis Grizzlies,0022401129,"APR 05, 2025",MEM @ DET,W,109,103,6,False,0
1610612763,Memphis Grizzlies,0022401114,"APR 03, 2025",MEM @ MIA,W,110,108,2,False,0
1610612763,Memphis Grizzlies,0022401100,"APR 01, 2025",MEM vs. GSW,L,125,134,-9,False,0
1610612763,Memphis Grizzlies,0022401093,"MAR 31, 2025",MEM vs. BOS,L,103,117,-14,False,0
1610612763,Memphis Grizzlies,0022401078,"MAR 29, 2025",MEM vs. LAL,L,127,134,-7,False,0
1610612763,Memphis Grizzlies,0022401064,"MAR 27, 2025",MEM @ OKC,L,104,125,-21,False,0
1610612763,Memphis Grizzlies,0022401050,"MAR 25, 2025",MEM @ UTA,W,140,103,37,False,0
1610612763,Memphis Grizzlies,0022401023,"MAR 21, 2025",MEM @ LAC,L,108,128,-20,False,0
1610612763,Memphis Grizzlies,0022401008,"MAR 19, 2025",MEM @ POR,L,99,115,-16,False,0
1610612763,Memphis Grizzlies,0022400992,"MAR 17, 2025",MEM @ SAC,L,122,132,-10,False,0
1610612763,Memphis Grizzlies,0022400971,"MAR 15, 2025",MEM vs. MIA,W,125,91,34,False,0
1610612763,Memphis Grizzlies,0022400962,"MAR 14, 2025",MEM vs. CLE,L,124,133,-9,False,0
1610612763,Memphis Grizzlies,0022400950,"MAR 12, 2025",MEM vs. UTA,W,122,115,7,False,0
1610612763,Memphis Grizzlies,0022400935,"MAR 10, 2025",MEM vs. PHX,W,120,118,2,False,0
1610612763,Memphis Grizzlies,0022400923,"MAR 09, 2025",MEM @ NOP,W,107,104,3,False,0
1610612763,Memphis Grizzlies,0022400906,"MAR 07, 2025",MEM @ DAL,W,122,111,11,False,0
1610612763,Memphis Grizzlies,0022400895,"MAR 05, 2025",MEM vs. OKC,L,103,120,-17,False,0
1610612763,Memphis Grizzlies,0022400878,"MAR 03, 2025",MEM vs. ATL,L,130,132,-2,False,0
1610612763,Memphis Grizzlies,0022400863,"MAR 01, 2025",MEM vs. SAS,L,128,130,-2,False,0
1610612763,Memphis Grizzlies,0022400856,"FEB 28, 2025",MEM vs. NYK,L,113,114,-1,False,0
1610612763,Memphis Grizzlies,0022400832,"FEB 25, 2025",MEM vs. PHX,W,151,148,3,True,1
1610612763,Memphis Grizzlies,0022400819,"FEB 23, 2025",MEM @ CLE,L,123,129,-6,False,0
1610612763,Memphis Grizzlies,0022400798,"FEB 21, 2025",MEM @ ORL,W,105,104,1,False,0
1610612763,Memphis Grizzlies,0022400788,"FEB 20, 2025",MEM @ IND,L,113,127,-14,False,0
1610612763,Memphis Grizzlies,0022400783,"FEB 12, 2025",MEM @ LAC,L,114,128,-14,False,0
1610612763,Memphis Grizzlies,0022400767,"FEB 11, 2025",MEM @ PHX,W,119,112,7,False,0
1610612763,Memphis Grizzlies,0022400746,"FEB 08, 2025",MEM vs. OKC,L,112,125,-13,False,0
1610612763,Memphis Grizzlies,0022400722,"FEB 05, 2025",MEM @ TOR,W,138,107,31,False,0
1610612763,Memphis Grizzlies,0022400703,"FEB 03, 2025",MEM vs. SAS,W,128,109,19,False,0
1610612763,Memphis Grizzlies,0022400699,"FEB 02, 2025",MEM @ MIL,W,132,119,13,False,0
1610612763,Memphis Grizzlies,0022400676,"JAN 30, 2025",MEM vs. HOU,W,120,119,1,False,0
1610612763,Memphis Grizzlies,0022400653,"JAN 27, 2025",MEM @ NYK,L,106,143,-37,False,0
1610612763,Memphis Grizzlies,0022400643,"JAN 25, 2025",MEM vs. UTA,W,125,103,22,False,0
1610612763,Memphis Grizzlies,0022400632,"JAN 24, 2025",MEM vs. NOP,W,139,126,13,False,0
1610612763,Memphis Grizzlies,0022400616,"JAN 22, 2025",MEM vs. CHA,W,132,120,12,False,0
1610612763,Memphis Grizzlies,0022400601,"JAN 20, 2025",MEM vs. MIN,W,108,106,2,False,0
1610612763,Memphis Grizzlies,0022400582,"JAN 17, 2025",MEM @ SAS,W,140,112,28,False,0
1610612763,Memphis Grizzlies,0022400567,"JAN 15, 2025",MEM @ SAS,W,129,115,14,False,0
1610612763,Memphis Grizzlies,0022400551,"JAN 13, 2025",MEM @ HOU,L,118,120,-2,False,0
1610612763,Memphis Grizzlies,0022400535,"JAN 11, 2025",MEM @ MIN,W,127,125,2,False,0
1610612763,Memphis Grizzlies,0022400520,"JAN 09, 2025",MEM vs. HOU,L,115,119,-4,False,0
1610612763,Memphis Grizzlies,0022400499,"JAN 06, 2025",MEM vs. DAL,W,119,104,15,False,0
1610612763,Memphis Grizzlies,0022400485,"JAN 04, 2025",MEM @ GSW,L,113,121,-8,False,0
1610612763,Memphis Grizzlies,0022400476,"JAN 03, 2025",MEM @ SAC,L,133,138,-5,False,0
1610612763,Memphis Grizzlies,0022400453,"DEC 31, 2024",MEM @ PHX,W,117,112,5,False,0
1610612763,Memphis Grizzlies,0022400440,"DEC 29, 2024",MEM @ OKC,L,106,130,-24,False,0
1610612763,Memphis Grizzlies,0022400423,"DEC 27, 2024",MEM @ NOP,W,132,124,8,False,0
1610612763,Memphis Grizzlies,0022400414,"DEC 26, 2024",MEM vs. TOR,W,155,126,29,False,0
1610612763,Memphis Grizzlies,0022400399,"DEC 23, 2024",MEM vs. LAC,L,110,114,-4,False,0
1610612763,Memphis Grizzlies,0022400378,"DEC 21, 2024",MEM @ ATL,W,128,112,16,False,0
1610612763,Memphis Grizzlies,0022400366,"DEC 19, 2024",MEM vs. GSW,W,144,93,51,False,0
1610612763,Memphis Grizzlies,0022401220,"DEC 15, 2024",MEM @ LAL,L,110,116,-6,False,0
1610612763,Memphis Grizzlies,0022401211,"DEC 13, 2024",MEM vs. BKN,W,135,119,16,False,0
1610612763,Memphis Grizzlies,0022400353,"DEC 08, 2024",MEM @ WAS,W,140,112,28,False,0
1610612763,Memphis Grizzlies,0022400345,"DEC 07, 2024",MEM @ BOS,W,127,121,6,False,0
1610612763,Memphis Grizzlies,0022400329,"DEC 05, 2024",MEM vs. SAC,W,115,110,5,False,0
1610612763,Memphis Grizzlies,0022400056,"DEC 03, 2024",MEM @ DAL,L,116,121,-5,False,0
1610612763,Memphis Grizzlies,0022400306,"DEC 01, 2024",MEM vs. IND,W,136,121,15,False,0
1610612763,Memphis Grizzlies,0022400042,"NOV 29, 2024",MEM vs. NOP,W,120,109,11,False,0
1610612763,Memphis Grizzlies,0022400293,"NOV 27, 2024",MEM vs. DET,W,131,111,20,False,0
1610612763,Memphis Grizzlies,0022400282,"NOV 25, 2024",MEM vs. POR,W,123,98,25,False,0
1610612763,Memphis Grizzlies,0022400266,"NOV 23, 2024",MEM @ CHI,W,142,131,11,False,0
1610612763,Memphis Grizzlies,0022400255,"NOV 20, 2024",MEM vs. PHI,W,117,111,6,False,0
1610612763,Memphis Grizzlies,0022400023,"NOV 19, 2024",MEM vs. DEN,L,110,122,-12,False,0
1610612763,Memphis Grizzlies,0022400238,"NOV 17, 2024",MEM vs. DEN,W,105,90,15,False,0
1610612763,Memphis Grizzlies,0022400019,"NOV 15, 2024",MEM @ GSW,L,118,123,-5,False,0
1610612763,Memphis Grizzlies,0022400225,"NOV 13, 2024",MEM @ LAL,L,123,128,-5,False,0
1610612763,Memphis Grizzlies,0022400210,"NOV 10, 2024",MEM @ POR,W,134,89,45,False,0
1610612763,Memphis Grizzlies,0022400191,"NOV 08, 2024",MEM vs. WAS,W,128,104,24,False,0
1610612763,Memphis Grizzlies,0022400174,"NOV 06, 2024",MEM vs. LAL,W,131,114,17,False,0
1610612763,Memphis Grizzlies,0022400158,"NOV 04, 2024",MEM @ BKN,L,104,106,-2,False,0
1610612763,Memphis Grizzlies,0022400142,"NOV 02, 2024",MEM @ PHI,W,124,107,17,False,0
1610612763,Memphis Grizzlies,0022400128,"OCT 31, 2024",MEM vs. MIL,W,122,99,23,False,0
1610612763,Memphis Grizzlies,0022400124,"OCT 30, 2024",MEM vs. BKN,L,106,119,-13,False,0
1610612763,Memphis Grizzlies,0022400108,"OCT 28, 2024",MEM vs. CHI,L,123,126,-3,False,0
1610612763,Memphis Grizzlies,0022400092,"OCT 26, 2024",MEM vs. ORL,W,124,111,13,False,0
1610612763,Memphis Grizzlies,0022400082,"OCT 25, 2024",MEM @ HOU,L,108,128,-20,False,0
1610612763,Memphis Grizzlies,0022400070,"OCT 23, 2024",MEM @ UTA,W,126,124,2,False,0
1610612764,Washington Wizards,0022401190,"APR 13, 2025",WAS @ MIA,W,119,118,1,False,0
1610612764,Washington Wizards,0022401176,"APR 11, 2025",WAS @ CHI,L,89,119,-30,False,0
1610612764,Washington Wizards,0022401157,"APR 09, 2025",WAS vs. PHI,L,103,122,-19,False,0
1610612764,Washington Wizards,0022401148,"APR 08, 2025",WAS @ IND,L,98,104,-6,False,0
1610612764,Washington Wizards,0022401137,"APR 06, 2025",WAS @ BOS,L,90,124,-34,False,0
1610612764,Washington Wizards,0022401112,"APR 03, 2025",WAS vs. ORL,L,97,109,-12,False,0
1610612764,Washington Wizards,0022401105,"APR 02, 2025",WAS vs. SAC,W,116,111,5,False,0
1610612764,Washington Wizards,0022401092,"MAR 31, 2025",WAS vs. MIA,L,94,120,-26,False,0
1610612764,Washington Wizards,0022401075,"MAR 29, 2025",WAS vs. BKN,L,112,115,-3,False,0
1610612764,Washington Wizards,0022401061,"MAR 27, 2025",WAS vs. IND,L,109,162,-53,False,0
1610612764,Washington Wizards,0022401053,"MAR 26, 2025",WAS @ PHI,W,119,114,5,False,0
1610612764,Washington Wizards,0022401039,"MAR 24, 2025",WAS vs. TOR,L,104,112,-8,False,0
1610612764,Washington Wizards,0022401026,"MAR 22, 2025",WAS @ NYK,L,103,122,-19,False,0
1610612764,Washington Wizards,0022401014,"MAR 21, 2025",WAS vs. ORL,L,105,120,-15,False,0
1610612764,Washington Wizards,0022400627,"MAR 19, 2025",WAS @ UTA,L,112,128,-16,False,0
1610612764,Washington Wizards,0022400995,"MAR 17, 2025",WAS @ POR,L,97,112,-15,False,0
1610612764,Washington Wizards,0022400975,"MAR 15, 2025",WAS @ DEN,W,126,123,3,False,0
1610612764,Washington Wizards,0022400954,"MAR 13, 2025",WAS @ DET,W,129,125,4,False,0
1610612764,Washington Wizards,0022400941,"MAR 11, 2025",WAS @ DET,L,103,123,-20,False,0
1610612764,Washington Wizards,0022400932,"MAR 10, 2025",WAS @ TOR,L,104,119,-15,False,0
1610612764,Washington Wizards,0022400915,"MAR 08, 2025",WAS @ TOR,W,118,117,1,False,0
1610612764,Washington Wizards,0022400894,"MAR 05, 2025",WAS vs. UTA,W,125,122,3,False,0
1610612764,Washington Wizards,0022400877,"MAR 03, 2025",WAS @ MIA,L,90,106,-16,False,0
1610612764,Washington Wizards,0022400860,"MAR 01, 2025",WAS @ CHA,W,113,100,13,False,0
1610612764,Washington Wizards,0022400839,"FEB 26, 2025",WAS vs. POR,L,121,129,-8,False,0
1610612764,Washington Wizards,0022400824,"FEB 24, 2025",WAS vs. BKN,W,107,99,8,False,0
1610612764,Washington Wizards,0022400815,"FEB 23, 2025",WAS @ ORL,L,90,110,-20,False,0
1610612764,Washington Wizards,0022400799,"FEB 21, 2025",WAS vs. MIL,L,101,104,-3,False,0
1610612764,Washington Wizards,0022400771,"FEB 12, 2025",WAS vs. IND,L,130,134,-4,True,1
1610612764,Washington Wizards,0022400757,"FEB 10, 2025",WAS vs. SAS,L,121,131,-10,False,0
1610612764,Washington Wizards,0022400744,"FEB 08, 2025",WAS vs. ATL,L,111,125,-14,False,0
1610612764,Washington Wizards,0022400735,"FEB 07, 2025",WAS vs. CLE,L,124,134,-10,False,0
1610612764,Washington Wizards,0022400720,"FEB 05, 2025",WAS @ BKN,W,119,102,17,False,0
1610612764,Washington Wizards,0022400700,"FEB 03, 2025",WAS @ CHA,W,124,114,10,False,0
1610612764,Washington Wizards,0022400690,"FEB 01, 2025",WAS @ MIN,W,105,103,2,False,0
1610612764,Washington Wizards,0022400674,"JAN 30, 2025",WAS vs. LAL,L,96,134,-38,False,0
1610612764,Washington Wizards,0022400665,"JAN 29, 2025",WAS vs. TOR,L,82,106,-24,False,0
1610612764,Washington Wizards,0022400657,"JAN 27, 2025",WAS @ DAL,L,108,130,-22,False,0
1610612764,Washington Wizards,0022400645,"JAN 25, 2025",WAS @ PHX,L,109,119,-10,False,0
1610612764,Washington Wizards,0022400983,"JAN 23, 2025",WAS @ LAC,L,93,110,-17,False,0
1610612764,Washington Wizards,0022400610,"JAN 21, 2025",WAS @ LAL,L,88,111,-23,False,0
1610612764,Washington Wizards,0022400598,"JAN 19, 2025",WAS @ SAC,L,100,123,-23,False,0
1610612764,Washington Wizards,0022400589,"JAN 18, 2025",WAS @ GSW,L,114,122,-8,False,0
1610612764,Washington Wizards,0022400573,"JAN 16, 2025",WAS vs. PHX,L,123,130,-7,False,0
1610612764,Washington Wizards,0022400548,"JAN 13, 2025",WAS vs. MIN,L,106,120,-14,False,0
1610612764,Washington Wizards,0022400545,"JAN 12, 2025",WAS vs. OKC,L,95,136,-41,False,0
1610612764,Washington Wizards,0022400530,"JAN 10, 2025",WAS @ CHI,L,105,138,-33,False,0
1610612764,Washington Wizards,0022400512,"JAN 08, 2025",WAS @ PHI,L,103,109,-6,False,0
1610612764,Washington Wizards,0022400503,"JAN 07, 2025",WAS vs. HOU,L,112,135,-23,False,0
1610612764,Washington Wizards,0022400489,"JAN 05, 2025",WAS vs. NOP,L,98,110,-12,False,0
1610612764,Washington Wizards,0022400472,"JAN 03, 2025",WAS @ NOP,L,120,132,-12,False,0
1610612764,Washington Wizards,0022400456,"JAN 01, 2025",WAS vs. CHI,W,125,107,18,False,0
1610612764,Washington Wizards,0022400443,"DEC 30, 2024",WAS vs. NYK,L,106,126,-20,False,0
1610612764,Washington Wizards,0022400429,"DEC 28, 2024",WAS vs. NYK,L,132,136,-4,True,1
1610612764,Washington Wizards,0022400412,"DEC 26, 2024",WAS vs. CHA,W,113,110,3,False,0
1610612764,Washington Wizards,0022400400,"DEC 23, 2024",WAS @ OKC,L,105,123,-18,False,0
1610612764,Washington Wizards,0022400382,"DEC 21, 2024",WAS @ MIL,L,101,112,-11,False,0
1610612764,Washington Wizards,0022400362,"DEC 19, 2024",WAS vs. CHA,W,123,114,9,False,0
1610612764,Washington Wizards,0022401217,"DEC 15, 2024",WAS vs. BOS,L,98,112,-14,False,0
1610612764,Washington Wizards,0022401208,"DEC 13, 2024",WAS @ CLE,L,105,115,-10,False,0
1610612764,Washington Wizards,0022400353,"DEC 08, 2024",WAS vs. MEM,L,112,140,-28,False,0
1610612764,Washington Wizards,0022400341,"DEC 07, 2024",WAS vs. DEN,W,122,113,9,False,0
1610612764,Washington Wizards,0022400326,"DEC 05, 2024",WAS vs. DAL,L,101,137,-36,False,0
1610612764,Washington Wizards,0022400051,"DEC 03, 2024",WAS @ CLE,L,87,118,-31,False,0
1610612764,Washington Wizards,0022400302,"NOV 30, 2024",WAS @ MIL,L,114,124,-10,False,0
1610612764,Washington Wizards,0022400291,"NOV 27, 2024",WAS vs. LAC,L,96,121,-25,False,0
1610612764,Washington Wizards,0022400035,"NOV 26, 2024",WAS vs. CHI,L,108,127,-19,False,0
1610612764,Washington Wizards,0022400272,"NOV 24, 2024",WAS @ IND,L,103,115,-12,False,0
1610612764,Washington Wizards,0022400028,"NOV 22, 2024",WAS vs. BOS,L,96,108,-12,False,0
1610612764,Washington Wizards,0022400246,"NOV 18, 2024",WAS @ NYK,L,106,134,-28,False,0
1610612764,Washington Wizards,0022400237,"NOV 17, 2024",WAS vs. DET,L,104,124,-20,False,0
1610612764,Washington Wizards,0022400012,"NOV 15, 2024",WAS @ ATL,L,117,129,-12,False,0
1610612764,Washington Wizards,0022400224,"NOV 13, 2024",WAS @ SAS,L,130,139,-9,False,0
1610612764,Washington Wizards,0022400213,"NOV 11, 2024",WAS @ HOU,L,92,107,-15,False,0
1610612764,Washington Wizards,0022400204,"NOV 10, 2024",WAS @ ORL,L,94,121,-27,False,0
1610612764,Washington Wizards,0022400191,"NOV 08, 2024",WAS @ MEM,L,104,128,-24,False,0
1610612764,Washington Wizards,0022400155,"NOV 04, 2024",WAS vs. GSW,L,112,125,-13,False,0
1610612764,Washington Wizards,0022400147,"NOV 02, 2024",WAS vs. MIA,L,98,118,-20,False,0
1610612764,Washington Wizards,0022400121,"OCT 30, 2024",WAS vs. ATL,W,133,120,13,False,0
1610612764,Washington Wizards,0022400103,"OCT 28, 2024",WAS @ ATL,W,121,119,2,False,0
1610612764,Washington Wizards,0022400090,"OCT 26, 2024",WAS vs. CLE,L,116,135,-19,False,0
1610612764,Washington Wizards,0022400073,"OCT 24, 2024",WAS vs. BOS,L,102,122,-20,False,0
1610612765,Detroit Pistons,0022401192,"APR 13, 2025",DET @ MIL,L,133,140,-7,True,1
1610612765,Detroit Pistons,0022401171,"APR 11, 2025",DET vs. MIL,L,119,125,-6,False,0
1610612765,Detroit Pistons,0022401167,"APR 10, 2025",DET vs. NYK,W,115,106,9,False,0
1610612765,Detroit Pistons,0022401144,"APR 07, 2025",DET vs. SAC,L,117,127,-10,False,0
1610612765,Detroit Pistons,0022401129,"APR 05, 2025",DET vs. MEM,L,103,109,-6,False,0
1610612765,Detroit Pistons,0022401121,"APR 04, 2025",DET @ TOR,W,117,105,12,False,0
1610612765,Detroit Pistons,0022401108,"APR 02, 2025",DET @ OKC,L,103,119,-16,False,0
1610612765,Detroit Pistons,0022401084,"MAR 30, 2025",DET @ MIN,L,104,123,-19,False,0
1610612765,Detroit Pistons,0022401067,"MAR 28, 2025",DET vs. CLE,W,133,122,11,False,0
1610612765,Detroit Pistons,0022401046,"MAR 25, 2025",DET vs. SAS,W,122,96,26,False,0
1610612765,Detroit Pistons,0022401029,"MAR 23, 2025",DET vs. NOP,W,136,130,6,False,0
1610612765,Detroit Pistons,0022401019,"MAR 21, 2025",DET @ DAL,L,117,123,-6,False,0
1610612765,Detroit Pistons,0022401000,"MAR 19, 2025",DET @ MIA,W,116,113,3,False,0
1610612765,Detroit Pistons,0022400987,"MAR 17, 2025",DET @ NOP,W,127,81,46,False,0
1610612765,Detroit Pistons,0022400969,"MAR 15, 2025",DET vs. OKC,L,107,113,-6,False,0
1610612765,Detroit Pistons,0022400954,"MAR 13, 2025",DET vs. WAS,L,125,129,-4,False,0
1610612765,Detroit Pistons,0022400941,"MAR 11, 2025",DET vs. WAS,W,123,103,20,False,0
1610612765,Detroit Pistons,0022400926,"MAR 09, 2025",DET @ POR,W,119,112,7,False,0
1610612765,Detroit Pistons,0022400919,"MAR 08, 2025",DET @ GSW,L,110,115,-5,False,0
1610612765,Detroit Pistons,0022400898,"MAR 05, 2025",DET @ LAC,L,115,123,-8,False,0
1610612765,Detroit Pistons,0022400881,"MAR 03, 2025",DET @ UTA,W,134,106,28,False,0
1610612765,Detroit Pistons,0022400861,"MAR 01, 2025",DET vs. BKN,W,115,94,21,False,0
1610612765,Detroit Pistons,0022400850,"FEB 28, 2025",DET vs. DEN,L,119,134,-15,False,0
1610612765,Detroit Pistons,0022400836,"FEB 26, 2025",DET vs. BOS,W,117,97,20,False,0
1610612765,Detroit Pistons,0022400821,"FEB 24, 2025",DET vs. LAC,W,106,97,9,False,0
1610612765,Detroit Pistons,0022400814,"FEB 23, 2025",DET @ ATL,W,148,143,5,False,0
1610612765,Detroit Pistons,0022400802,"FEB 21, 2025",DET @ SAS,W,125,110,15,False,0
1610612765,Detroit Pistons,0022400775,"FEB 12, 2025",DET @ CHI,W,128,110,18,False,0
1610612765,Detroit Pistons,0022400766,"FEB 11, 2025",DET @ CHI,W,132,92,40,False,0
1610612765,Detroit Pistons,0022400752,"FEB 09, 2025",DET vs. CHA,W,112,102,10,False,0
1610612765,Detroit Pistons,0022400738,"FEB 07, 2025",DET vs. PHI,W,125,112,13,False,0
1610612765,Detroit Pistons,0022400718,"FEB 05, 2025",DET vs. CLE,L,115,118,-3,False,0
1610612765,Detroit Pistons,0022400701,"FEB 03, 2025",DET vs. ATL,L,130,132,-2,False,0
1610612765,Detroit Pistons,0022400695,"FEB 02, 2025",DET vs. CHI,W,127,119,8,False,0
1610612765,Detroit Pistons,0022400680,"JAN 31, 2025",DET vs. DAL,W,117,102,15,False,0
1610612765,Detroit Pistons,0022400664,"JAN 29, 2025",DET @ IND,L,119,133,-14,False,0
1610612765,Detroit Pistons,0022400649,"JAN 27, 2025",DET @ CLE,L,91,110,-19,False,0
1610612765,Detroit Pistons,0022400638,"JAN 25, 2025",DET @ ORL,L,113,121,-8,False,0
1610612765,Detroit Pistons,0022400612,"JAN 22, 2025",DET @ ATL,W,114,104,10,False,0
1610612765,Detroit Pistons,0022400600,"JAN 20, 2025",DET @ HOU,W,107,96,11,False,0
1610612765,Detroit Pistons,0022400586,"JAN 18, 2025",DET vs. PHX,L,121,125,-4,False,0
1610612765,Detroit Pistons,0022400572,"JAN 16, 2025",DET vs. IND,L,100,111,-11,False,0
1610612765,Detroit Pistons,0022400549,"JAN 13, 2025",DET @ NYK,W,124,119,5,False,0
1610612765,Detroit Pistons,0022400534,"JAN 11, 2025",DET vs. TOR,W,123,114,9,False,0
1610612765,Detroit Pistons,0022400518,"JAN 09, 2025",DET vs. GSW,L,104,107,-3,False,0
1610612765,Detroit Pistons,0022400513,"JAN 08, 2025",DET @ BKN,W,113,98,15,False,0
1610612765,Detroit Pistons,0022400493,"JAN 06, 2025",DET vs. POR,W,118,115,3,False,0
1610612765,Detroit Pistons,0022400479,"JAN 04, 2025",DET vs. MIN,W,119,105,14,False,0
1610612765,Detroit Pistons,0022400469,"JAN 03, 2025",DET vs. CHA,W,98,94,4,False,0
1610612765,Detroit Pistons,0022400455,"JAN 01, 2025",DET vs. ORL,W,105,96,9,False,0
1610612765,Detroit Pistons,0022400432,"DEC 28, 2024",DET @ DEN,L,121,134,-13,False,0
1610612765,Detroit Pistons,0022400418,"DEC 26, 2024",DET @ SAC,W,114,113,1,False,0
1610612765,Detroit Pistons,0022400404,"DEC 23, 2024",DET @ LAL,W,117,114,3,False,0
1610612765,Detroit Pistons,0022400387,"DEC 21, 2024",DET @ PHX,W,133,125,8,False,0
1610612765,Detroit Pistons,0022400360,"DEC 19, 2024",DET vs. UTA,L,119,126,-7,False,0
1610612765,Detroit Pistons,0022401221,"DEC 16, 2024",DET vs. MIA,W,125,124,1,True,1
1610612765,Detroit Pistons,0022401205,"DEC 12, 2024",DET @ BOS,L,99,123,-24,False,0
1610612765,Detroit Pistons,0022400343,"DEC 07, 2024",DET @ NYK,W,120,111,9,False,0
1610612765,Detroit Pistons,0022400319,"DEC 04, 2024",DET @ BOS,L,120,130,-10,False,0
1610612765,Detroit Pistons,0022400052,"DEC 03, 2024",DET vs. MIL,L,107,128,-21,False,0
1610612765,Detroit Pistons,0022400301,"NOV 30, 2024",DET vs. PHI,L,96,111,-15,False,0
1610612765,Detroit Pistons,0022400045,"NOV 29, 2024",DET @ IND,W,130,106,24,False,0
1610612765,Detroit Pistons,0022400293,"NOV 27, 2024",DET @ MEM,L,111,131,-20,False,0
1610612765,Detroit Pistons,0022400278,"NOV 25, 2024",DET vs. TOR,W,102,100,2,False,0
1610612765,Detroit Pistons,0022400265,"NOV 23, 2024",DET @ ORL,L,100,111,-11,False,0
1610612765,Detroit Pistons,0022400260,"NOV 21, 2024",DET @ CHA,L,121,123,-2,True,1
1610612765,Detroit Pistons,0022400244,"NOV 18, 2024",DET vs. CHI,L,112,122,-10,False,0
1610612765,Detroit Pistons,0022400237,"NOV 17, 2024",DET @ WAS,W,124,104,20,False,0
1610612765,Detroit Pistons,0022400011,"NOV 15, 2024",DET @ TOR,W,99,95,4,False,0
1610612765,Detroit Pistons,0022400223,"NOV 13, 2024",DET @ MIL,L,120,127,-7,True,1
1610612765,Detroit Pistons,0022400002,"NOV 12, 2024",DET vs. MIA,W,123,121,2,True,1
1610612765,Detroit Pistons,0022400201,"NOV 10, 2024",DET vs. HOU,L,99,101,-2,False,0
1610612765,Detroit Pistons,0022400185,"NOV 08, 2024",DET vs. ATL,W,122,121,1,False,0
1610612765,Detroit Pistons,0022400169,"NOV 06, 2024",DET @ CHA,L,107,108,-1,False,0
1610612765,Detroit Pistons,0022400156,"NOV 04, 2024",DET vs. LAL,W,115,103,12,False,0
1610612765,Detroit Pistons,0022400151,"NOV 03, 2024",DET @ BKN,W,106,92,14,False,0
1610612765,Detroit Pistons,0022400134,"NOV 01, 2024",DET vs. NYK,L,98,128,-30,False,0
1610612765,Detroit Pistons,0022400120,"OCT 30, 2024",DET @ PHI,W,105,95,10,False,0
1610612765,Detroit Pistons,0022400105,"OCT 28, 2024",DET @ MIA,L,98,106,-8,False,0
1610612765,Detroit Pistons,0022400089,"OCT 26, 2024",DET vs. BOS,L,118,124,-6,False,0
1610612765,Detroit Pistons,0022400080,"OCT 25, 2024",DET @ CLE,L,101,113,-12,False,0
1610612765,Detroit Pistons,0022400063,"OCT 23, 2024",DET vs. IND,L,109,115,-6,False,0
1610612766,Charlotte Hornets,0022401187,"APR 13, 2025",CHA @ BOS,L,86,93,-7,False,0
1610612766,Charlotte Hornets,0022401174,"APR 11, 2025",CHA @ BOS,L,94,130,-36,False,0
1610612766,Charlotte Hornets,0022401158,"APR 09, 2025",CHA @ TOR,L,96,126,-30,False,0
1610612766,Charlotte Hornets,0022401146,"APR 08, 2025",CHA vs. MEM,L,100,124,-24,False,0
1610612766,Charlotte Hornets,0022401133,"APR 06, 2025",CHA vs. CHI,L,117,131,-14,False,0
1610612766,Charlotte Hornets,0022401118,"APR 04, 2025",CHA vs. SAC,L,102,125,-23,False,0
1610612766,Charlotte Hornets,0022401104,"APR 02, 2025",CHA @ IND,L,105,119,-14,False,0
1610612766,Charlotte Hornets,0022401089,"MAR 31, 2025",CHA vs. UTA,W,110,106,4,False,0
1610612766,Charlotte Hornets,0022401085,"MAR 30, 2025",CHA @ NOP,L,94,98,-4,False,0
1610612766,Charlotte Hornets,0022401069,"MAR 28, 2025",CHA @ TOR,L,97,108,-11,False,0
1610612766,Charlotte Hornets,0022401045,"MAR 25, 2025",CHA vs. ORL,L,104,111,-7,False,0
1610612766,Charlotte Hornets,0022401032,"MAR 23, 2025",CHA @ MIA,L,105,122,-17,False,0
1610612766,Charlotte Hornets,0022401017,"MAR 21, 2025",CHA @ OKC,L,106,141,-35,False,0
1610612766,Charlotte Hornets,0022401010,"MAR 20, 2025",CHA vs. NYK,W,115,98,17,False,0
1610612766,Charlotte Hornets,0022400993,"MAR 18, 2025",CHA vs. ATL,L,102,134,-32,False,0
1610612766,Charlotte Hornets,0022400538,"MAR 16, 2025",CHA @ LAC,L,88,123,-35,False,0
1610612766,Charlotte Hornets,0022400964,"MAR 14, 2025",CHA @ SAS,W,145,134,11,False,0
1610612766,Charlotte Hornets,0022400945,"MAR 12, 2025",CHA @ ATL,L,110,123,-13,False,0
1610612766,Charlotte Hornets,0022400931,"MAR 10, 2025",CHA @ MIA,W,105,102,3,False,0
1610612766,Charlotte Hornets,0022400912,"MAR 08, 2025",CHA vs. BKN,W,105,102,3,False,0
1610612766,Charlotte Hornets,0022400904,"MAR 07, 2025",CHA vs. CLE,L,117,118,-1,False,0
1610612766,Charlotte Hornets,0022400892,"MAR 05, 2025",CHA vs. MIN,L,110,125,-15,False,0
1610612766,Charlotte Hornets,0022400875,"MAR 03, 2025",CHA vs. GSW,L,101,119,-18,False,0
1610612766,Charlotte Hornets,0022400860,"MAR 01, 2025",CHA vs. WAS,L,100,113,-13,False,0
1610612766,Charlotte Hornets,0022400847,"FEB 27, 2025",CHA @ DAL,L,96,103,-7,False,0
1610612766,Charlotte Hornets,0022400834,"FEB 25, 2025",CHA @ GSW,L,92,128,-36,False,0
1610612766,Charlotte Hornets,0022400828,"FEB 24, 2025",CHA @ SAC,L,88,130,-42,False,0
1610612766,Charlotte Hornets,0022400810,"FEB 22, 2025",CHA @ POR,L,88,141,-53,False,0
1610612766,Charlotte Hornets,0022400794,"FEB 20, 2025",CHA @ DEN,L,115,129,-14,False,0
1610612766,Charlotte Hornets,0022400524,"FEB 19, 2025",CHA @ LAL,W,100,97,3,False,0
1610612766,Charlotte Hornets,0022400770,"FEB 12, 2025",CHA @ ORL,L,86,102,-16,False,0
1610612766,Charlotte Hornets,0022400758,"FEB 10, 2025",CHA @ BKN,L,89,97,-8,False,0
1610612766,Charlotte Hornets,0022400752,"FEB 09, 2025",CHA @ DET,L,102,112,-10,False,0
1610612766,Charlotte Hornets,0022400734,"FEB 07, 2025",CHA vs. SAS,W,117,116,1,False,0
1610612766,Charlotte Hornets,0022400717,"FEB 05, 2025",CHA vs. MIL,L,102,112,-10,False,0
1610612766,Charlotte Hornets,0022400700,"FEB 03, 2025",CHA vs. WAS,L,114,124,-10,False,0
1610612766,Charlotte Hornets,0022400688,"FEB 01, 2025",CHA vs. DEN,L,104,107,-3,False,0
1610612766,Charlotte Hornets,0022400679,"JAN 31, 2025",CHA vs. LAC,L,104,112,-8,False,0
1610612766,Charlotte Hornets,0022400663,"JAN 29, 2025",CHA vs. BKN,L,83,104,-21,False,0
1610612766,Charlotte Hornets,0022400648,"JAN 27, 2025",CHA vs. LAL,L,107,112,-5,False,0
1610612766,Charlotte Hornets,0022400637,"JAN 25, 2025",CHA vs. NOP,W,123,92,31,False,0
1610612766,Charlotte Hornets,0022400630,"JAN 24, 2025",CHA vs. POR,L,97,102,-5,False,0
1610612766,Charlotte Hornets,0022400616,"JAN 22, 2025",CHA @ MEM,L,120,132,-12,False,0
1610612766,Charlotte Hornets,0022400599,"JAN 20, 2025",CHA vs. DAL,W,110,105,5,False,0
1610612766,Charlotte Hornets,0022400584,"JAN 17, 2025",CHA @ CHI,W,125,123,2,False,0
1610612766,Charlotte Hornets,0022400569,"JAN 15, 2025",CHA @ UTA,W,117,112,5,False,0
1610612766,Charlotte Hornets,0022400547,"JAN 12, 2025",CHA @ PHX,L,113,120,-7,False,0
1610612766,Charlotte Hornets,0022400502,"JAN 07, 2025",CHA vs. PHX,W,115,104,11,False,0
1610612766,Charlotte Hornets,0022400488,"JAN 05, 2025",CHA @ CLE,L,105,115,-10,False,0
1610612766,Charlotte Hornets,0022400469,"JAN 03, 2025",CHA @ DET,L,94,98,-4,False,0
1610612766,Charlotte Hornets,0022400442,"DEC 30, 2024",CHA vs. CHI,L,108,115,-7,True,1
1610612766,Charlotte Hornets,0022400428,"DEC 28, 2024",CHA vs. OKC,L,94,106,-12,False,0
1610612766,Charlotte Hornets,0022400412,"DEC 26, 2024",CHA @ WAS,L,110,113,-3,False,0
1610612766,Charlotte Hornets,0022400391,"DEC 23, 2024",CHA vs. HOU,L,101,114,-13,False,0
1610612766,Charlotte Hornets,0022400373,"DEC 20, 2024",CHA @ PHI,L,98,108,-10,False,0
1610612766,Charlotte Hornets,0022400362,"DEC 19, 2024",CHA @ WAS,L,114,123,-9,False,0
1610612766,Charlotte Hornets,0022401222,"DEC 16, 2024",CHA vs. PHI,L,108,121,-13,False,0
1610612766,Charlotte Hornets,0022401212,"DEC 13, 2024",CHA @ CHI,L,95,109,-14,False,0
1610612766,Charlotte Hornets,0022400349,"DEC 08, 2024",CHA @ IND,W,113,109,4,False,0
1610612766,Charlotte Hornets,0022400340,"DEC 07, 2024",CHA vs. CLE,L,102,116,-14,False,0
1610612766,Charlotte Hornets,0022400327,"DEC 05, 2024",CHA @ NYK,L,101,125,-24,False,0
1610612766,Charlotte Hornets,0022400050,"DEC 03, 2024",CHA vs. PHI,L,104,110,-6,False,0
1610612766,Charlotte Hornets,0022400300,"NOV 30, 2024",CHA vs. ATL,L,104,107,-3,False,0
1610612766,Charlotte Hornets,0022400040,"NOV 29, 2024",CHA vs. NYK,L,98,99,-1,False,0
1610612766,Charlotte Hornets,0022400286,"NOV 27, 2024",CHA vs. MIA,L,94,98,-4,False,0
1610612766,Charlotte Hornets,0022400277,"NOV 25, 2024",CHA vs. ORL,L,84,95,-11,False,0
1610612766,Charlotte Hornets,0022400268,"NOV 23, 2024",CHA @ MIL,L,119,125,-6,False,0
1610612766,Charlotte Hornets,0022400260,"NOV 21, 2024",CHA vs. DET,W,123,121,2,True,1
1610612766,Charlotte Hornets,0022400022,"NOV 19, 2024",CHA @ BKN,L,115,116,-1,False,0
1610612766,Charlotte Hornets,0022400236,"NOV 17, 2024",CHA @ CLE,L,114,128,-14,False,0
1610612766,Charlotte Hornets,0022400229,"NOV 16, 2024",CHA vs. MIL,W,115,114,1,False,0
1610612766,Charlotte Hornets,0022400003,"NOV 12, 2024",CHA @ ORL,L,89,114,-25,False,0
1610612766,Charlotte Hornets,0022400205,"NOV 10, 2024",CHA @ PHI,L,105,107,-2,True,1
1610612766,Charlotte Hornets,0022400184,"NOV 08, 2024",CHA vs. IND,W,103,83,20,False,0
1610612766,Charlotte Hornets,0022400169,"NOV 06, 2024",CHA vs. DET,W,108,107,1,False,0
1610612766,Charlotte Hornets,0022400162,"NOV 04, 2024",CHA @ MIN,L,93,114,-21,False,0
1610612766,Charlotte Hornets,0022400141,"NOV 02, 2024",CHA vs. BOS,L,103,113,-10,False,0
1610612766,Charlotte Hornets,0022400132,"NOV 01, 2024",CHA vs. BOS,L,109,124,-15,False,0
1610612766,Charlotte Hornets,0022400117,"OCT 30, 2024",CHA vs. TOR,W,138,133,5,False,0
1610612766,Charlotte Hornets,0022400088,"OCT 26, 2024",CHA vs. MIA,L,106,114,-8,False,0
1610612766,Charlotte Hornets,0022400079,"OCT 25, 2024",CHA @ ATL,L,120,125,-5,False,0
1610612766,Charlotte Hornets,0022400068,"OCT 23, 2024",CHA @ HOU,W,110,105,5,False,0